customer_id,account_id,rep_id,product,arr,contract_start,contract_end,renewal_flag,nrr_band
1,1,,Core,38500.0,2022-10-12,2024-10-11,0,90-100%
2,8,6.0,Pro,21800.0,2021-01-15,2022-01-15,0,100-110%
3,9,2.0,Pro,1126400.0,2023-08-02,2025-08-01,1,100-110%
4,11,5.0,Pro,1348600.0,2022-05-12,2024-05-11,0,100-110%
5,14,6.0,Enterprise Suite,50500.0,2022-10-05,2023-10-05,0,<90%
6,15,1.0,Pro,226500.0,2022-05-16,2024-05-15,0,100-110%
7,17,1.0,Pro,688700.0,2023-02-24,2024-02-24,0,<90%
8,21,6.0,Enterprise Suite,44300.0,2022-11-25,2023-11-25,0,>110%
9,24,1.0,Pro,144400.0,2023-12-16,2025-12-15,1,100-110%
10,25,5.0,Pro,80800.0,2023-10-15,2024-10-14,0,100-110%
11,30,,Core,24600.0,2022-04-24,2023-04-24,0,90-100%
12,35,4.0,Core,7800.0,2022-12-02,2023-12-02,0,90-100%
13,36,5.0,Core,230400.0,2022-09-23,2023-09-23,0,100-110%
14,37,6.0,Pro,201100.0,2021-11-18,2022-11-18,0,100-110%
15,39,5.0,Enterprise Suite,106100.0,2023-01-02,2025-01-01,0,100-110%
16,43,6.0,Enterprise Suite,149900.0,2022-06-02,2024-06-01,0,100-110%
17,47,2.0,Enterprise Suite,173500.0,2022-02-11,2024-02-11,0,>110%
18,49,4.0,Pro,611700.0,2022-03-18,2023-03-18,0,90-100%
19,50,2.0,Enterprise Suite,242500.0,2022-08-21,2023-08-21,0,<90%
20,52,2.0,Pro,32600.0,2023-03-14,2025-03-13,1,90-100%
21,55,5.0,Core,398100.0,2022-09-22,2024-09-21,0,90-100%
22,62,,Pro,115400.0,2023-09-14,2025-09-13,1,90-100%
23,64,3.0,Pro,45100.0,2021-01-19,2023-01-19,0,100-110%
24,67,5.0,Core,47300.0,2022-02-13,2024-02-13,0,>110%
25,72,1.0,Pro,10100.0,2021-12-04,2023-12-04,0,<90%
26,78,1.0,Core,44500.0,2021-03-05,2022-03-05,0,<90%
27,80,5.0,Pro,1066600.0,2023-05-18,2025-05-17,1,90-100%
28,81,1.0,Pro,46800.0,2023-02-17,2025-02-16,0,>110%
29,83,4.0,Pro,32000.0,2022-06-29,2023-06-29,0,100-110%
30,88,1.0,Core,850300.0,2021-08-17,2022-08-17,0,>110%
31,97,4.0,Core,246400.0,2023-09-05,2024-09-04,0,>110%
32,99,5.0,Core,16500.0,2021-11-05,2023-11-05,0,<90%
33,105,4.0,Pro,65000.0,2023-08-07,2024-08-06,0,90-100%
34,106,6.0,Enterprise Suite,77800.0,2021-07-08,2022-07-08,0,<90%
35,112,4.0,Enterprise Suite,1279700.0,2021-11-10,2023-11-10,0,100-110%
36,115,5.0,Enterprise Suite,128700.0,2023-01-13,2024-01-13,0,100-110%
37,119,5.0,Core,53200.0,2023-02-27,2025-02-26,0,>110%
38,121,3.0,Enterprise Suite,79200.0,2021-03-30,2023-03-30,0,>110%
39,134,1.0,Core,1378500.0,2022-11-04,2024-11-03,0,90-100%
40,136,1.0,Core,223100.0,2021-07-20,2023-07-20,0,<90%
41,150,6.0,Pro,383700.0,2021-09-15,2023-09-15,0,<90%
42,155,4.0,Core,780800.0,2022-10-02,2023-10-02,0,90-100%
43,162,4.0,Core,9600.0,2021-02-19,2023-02-19,0,<90%
44,167,3.0,Pro,112200.0,2023-07-21,2024-07-20,0,100-110%
45,172,4.0,Enterprise Suite,14700.0,2022-06-27,2024-06-26,0,90-100%
46,175,3.0,Pro,187600.0,2023-02-08,2025-02-07,0,90-100%
47,181,5.0,Pro,43500.0,2023-08-28,2025-08-27,1,>110%
48,192,4.0,Core,118700.0,2021-03-12,2022-03-12,0,90-100%
49,193,3.0,Enterprise Suite,65500.0,2023-08-05,2024-08-04,0,100-110%
50,198,1.0,Enterprise Suite,38200.0,2022-08-08,2023-08-08,0,>110%
51,203,1.0,Pro,22400.0,2021-05-19,2023-05-19,0,100-110%
52,210,3.0,Core,1760200.0,2023-07-09,2024-07-08,0,>110%
53,212,5.0,Enterprise Suite,128200.0,2021-10-14,2023-10-14,0,90-100%
54,216,5.0,Enterprise Suite,208400.0,2022-09-20,2024-09-19,0,90-100%
55,217,3.0,Core,195600.0,2022-02-09,2024-02-09,0,100-110%
56,223,3.0,Enterprise Suite,28500.0,2022-10-24,2024-10-23,0,>110%
57,229,2.0,Core,118200.0,2021-05-02,2022-05-02,0,90-100%
58,233,5.0,Core,1319700.0,2021-05-29,2023-05-29,0,>110%
59,240,,Pro,72400.0,2023-11-06,2024-11-05,0,90-100%
60,248,4.0,Pro,801900.0,2022-08-26,2024-08-25,0,>110%
61,249,4.0,Enterprise Suite,1541100.0,2021-03-22,2023-03-22,0,>110%
62,251,2.0,Core,135000.0,2021-09-09,2022-09-09,0,>110%
63,255,5.0,Core,1704000.0,2021-03-08,2023-03-08,0,100-110%
64,262,4.0,Enterprise Suite,164600.0,2023-01-20,2025-01-19,0,90-100%
65,268,,Enterprise Suite,166100.0,2022-09-13,2023-09-13,0,90-100%
66,282,1.0,Core,179100.0,2022-08-11,2023-08-11,0,<90%
67,285,5.0,Core,1139300.0,2022-01-07,2023-01-07,0,90-100%
68,298,,Enterprise Suite,1253900.0,2023-09-01,2025-08-31,1,100-110%
69,314,4.0,Pro,15500.0,2022-11-27,2024-11-26,0,90-100%
70,321,1.0,Pro,39400.0,2021-08-17,2023-08-17,0,<90%
71,325,4.0,Core,1226300.0,2023-06-14,2025-06-13,1,100-110%
72,342,4.0,Pro,1463800.0,2022-10-23,2023-10-23,0,>110%
73,348,1.0,Core,121800.0,2023-09-23,2024-09-22,0,90-100%
74,349,1.0,Core,139600.0,2021-10-20,2022-10-20,0,100-110%
75,362,3.0,Core,111000.0,2021-10-04,2022-10-04,0,90-100%
76,367,2.0,Pro,27100.0,2021-12-14,2023-12-14,0,<90%
77,368,2.0,Pro,130000.0,2021-07-04,2022-07-04,0,90-100%
78,374,3.0,Pro,208800.0,2021-06-13,2023-06-13,0,>110%
79,392,6.0,Enterprise Suite,44000.0,2023-10-26,2024-10-25,0,100-110%
80,404,5.0,Pro,178200.0,2021-01-13,2023-01-13,0,<90%
81,405,1.0,Pro,15200.0,2023-11-29,2024-11-28,0,100-110%
82,407,3.0,Enterprise Suite,1413100.0,2021-07-01,2022-07-01,0,90-100%
83,409,4.0,Enterprise Suite,166000.0,2021-09-12,2022-09-12,0,90-100%
84,411,1.0,Core,183900.0,2023-07-30,2025-07-29,1,90-100%
85,418,6.0,Core,19800.0,2021-09-29,2022-09-29,0,100-110%
86,426,1.0,Pro,245100.0,2022-05-19,2024-05-18,0,90-100%
87,428,,Core,11000.0,2023-08-13,2025-08-12,1,<90%
88,430,5.0,Pro,91200.0,2022-11-15,2024-11-14,0,>110%
89,431,,Core,24900.0,2022-08-27,2023-08-27,0,<90%
90,432,4.0,Enterprise Suite,15500.0,2022-01-30,2023-01-30,0,100-110%
91,434,6.0,Core,17100.0,2021-02-03,2023-02-03,0,90-100%
92,438,,Enterprise Suite,41900.0,2022-11-03,2024-11-02,0,100-110%
93,451,4.0,Pro,49900.0,2022-05-13,2024-05-12,0,100-110%
94,453,1.0,Enterprise Suite,49000.0,2021-08-10,2023-08-10,0,90-100%
95,456,5.0,Core,116400.0,2023-08-27,2025-08-26,1,<90%
96,457,5.0,Core,1740400.0,2023-10-31,2025-10-30,1,90-100%
97,463,,Core,194800.0,2023-08-22,2025-08-21,1,<90%
98,464,4.0,Enterprise Suite,40500.0,2023-11-09,2025-11-08,1,90-100%
99,465,,Core,180800.0,2021-10-09,2022-10-09,0,>110%
100,466,5.0,Pro,502200.0,2022-09-10,2024-09-09,0,<90%
101,468,2.0,Core,152700.0,2021-05-25,2023-05-25,0,100-110%
102,471,2.0,Pro,21000.0,2022-07-17,2024-07-16,0,100-110%
103,473,3.0,Core,214400.0,2021-05-22,2022-05-22,0,>110%
104,478,6.0,Core,43200.0,2021-09-01,2023-09-01,0,<90%
105,480,3.0,Enterprise Suite,143900.0,2022-06-19,2023-06-19,0,100-110%
106,482,2.0,Pro,28600.0,2022-11-23,2023-11-23,0,90-100%
107,484,4.0,Pro,246400.0,2023-03-23,2025-03-22,1,100-110%
108,485,2.0,Pro,27100.0,2022-05-11,2024-05-10,0,100-110%
109,491,,Core,22800.0,2023-10-03,2024-10-02,0,100-110%
110,495,5.0,Pro,1356500.0,2023-12-15,2024-12-14,0,90-100%
111,509,5.0,Enterprise Suite,6400.0,2022-08-29,2024-08-28,0,100-110%
112,511,,Pro,39600.0,2021-10-30,2022-10-30,0,100-110%
113,513,4.0,Enterprise Suite,130800.0,2023-10-01,2024-09-30,0,>110%
114,514,3.0,Core,1392100.0,2023-03-13,2024-03-12,0,100-110%
115,520,6.0,Core,741200.0,2021-09-18,2023-09-18,0,>110%
116,522,2.0,Pro,98000.0,2021-08-07,2023-08-07,0,>110%
117,525,3.0,Enterprise Suite,781100.0,2022-12-04,2023-12-04,0,<90%
118,527,2.0,Enterprise Suite,191900.0,2021-12-13,2023-12-13,0,90-100%
119,531,6.0,Pro,334800.0,2023-08-28,2025-08-27,1,100-110%
120,546,2.0,Core,68300.0,2022-08-30,2023-08-30,0,100-110%
121,547,3.0,Core,184500.0,2021-05-20,2023-05-20,0,100-110%
122,566,4.0,Enterprise Suite,51100.0,2023-03-03,2024-03-02,0,90-100%
123,567,5.0,Pro,10500.0,2022-01-25,2023-01-25,0,100-110%
124,575,3.0,Core,56600.0,2021-11-28,2023-11-28,0,100-110%
125,578,,Core,408000.0,2022-02-02,2024-02-02,0,100-110%
126,579,3.0,Enterprise Suite,12100.0,2023-05-20,2024-05-19,0,90-100%
127,580,5.0,Core,33800.0,2021-06-29,2022-06-29,0,90-100%
128,585,3.0,Pro,161700.0,2023-08-27,2025-08-26,1,100-110%
129,592,2.0,Core,18900.0,2022-09-29,2023-09-29,0,100-110%
130,593,1.0,Pro,135800.0,2022-05-25,2024-05-24,0,100-110%
131,594,4.0,Pro,180300.0,2022-02-27,2023-02-27,0,100-110%
132,596,,Pro,4900.0,2023-08-12,2025-08-11,1,90-100%
133,600,2.0,Pro,22800.0,2023-02-17,2025-02-16,0,<90%
134,607,1.0,Core,95700.0,2022-08-10,2024-08-09,0,90-100%
135,609,6.0,Pro,44700.0,2022-08-15,2023-08-15,0,90-100%
136,610,4.0,Pro,62900.0,2021-06-06,2023-06-06,0,90-100%
137,611,4.0,Core,1384800.0,2022-05-01,2023-05-01,0,<90%
138,614,2.0,Enterprise Suite,192000.0,2021-10-13,2022-10-13,0,100-110%
139,620,3.0,Core,33600.0,2021-08-02,2022-08-02,0,90-100%
140,621,4.0,Enterprise Suite,5400.0,2023-09-01,2025-08-31,1,>110%
141,625,4.0,Pro,224400.0,2022-04-17,2024-04-16,0,90-100%
142,626,2.0,Core,35900.0,2021-02-23,2022-02-23,0,>110%
143,643,3.0,Pro,36600.0,2023-09-08,2024-09-07,0,90-100%
144,644,4.0,Enterprise Suite,42200.0,2021-04-26,2022-04-26,0,100-110%
145,648,5.0,Pro,128600.0,2021-11-20,2022-11-20,0,90-100%
146,657,1.0,Pro,224700.0,2023-06-16,2024-06-15,0,90-100%
147,659,4.0,Core,211700.0,2021-08-29,2022-08-29,0,90-100%
148,663,4.0,Enterprise Suite,212600.0,2023-04-24,2025-04-23,1,>110%
149,664,2.0,Core,41700.0,2023-08-21,2024-08-20,0,>110%
150,671,4.0,Pro,23000.0,2021-01-08,2023-01-08,0,90-100%
151,676,6.0,Pro,162800.0,2021-09-11,2022-09-11,0,90-100%
152,679,4.0,Enterprise Suite,48600.0,2023-11-09,2024-11-08,0,100-110%
153,684,3.0,Pro,49100.0,2022-12-05,2023-12-05,0,100-110%
154,689,3.0,Pro,11000.0,2023-03-09,2025-03-08,1,90-100%
155,697,3.0,Core,64900.0,2021-02-10,2023-02-10,0,<90%
156,705,3.0,Core,247200.0,2023-12-16,2025-12-15,1,90-100%
157,710,3.0,Enterprise Suite,12300.0,2021-08-13,2023-08-13,0,<90%
158,711,2.0,Pro,132600.0,2023-02-19,2024-02-19,0,<90%
159,717,3.0,Core,5600.0,2023-05-22,2025-05-21,1,90-100%
160,719,4.0,Pro,14800.0,2023-02-07,2025-02-06,0,90-100%
161,729,3.0,Enterprise Suite,952000.0,2023-11-11,2025-11-10,1,100-110%
162,732,4.0,Pro,160800.0,2022-11-15,2024-11-14,0,>110%
163,741,1.0,Core,24200.0,2022-02-06,2023-02-06,0,<90%
164,747,5.0,Pro,34100.0,2022-10-15,2023-10-15,0,>110%
165,753,,Core,57100.0,2021-06-09,2022-06-09,0,90-100%
166,760,,Pro,245300.0,2023-11-24,2024-11-23,0,100-110%
167,764,2.0,Core,7500.0,2021-04-14,2022-04-14,0,>110%
168,768,2.0,Pro,370700.0,2022-10-24,2023-10-24,0,90-100%
169,769,,Pro,77500.0,2023-01-17,2024-01-17,0,>110%
170,773,3.0,Pro,5600.0,2022-12-19,2024-12-18,0,>110%
171,785,3.0,Pro,24500.0,2023-01-12,2025-01-11,0,>110%
172,790,4.0,Enterprise Suite,22000.0,2021-12-05,2022-12-05,0,>110%
173,793,4.0,Pro,156800.0,2022-05-13,2024-05-12,0,100-110%
174,799,,Pro,112200.0,2023-01-29,2024-01-29,0,>110%
175,803,,Core,87800.0,2023-12-14,2025-12-13,1,90-100%
176,804,2.0,Core,29200.0,2021-06-27,2023-06-27,0,100-110%
177,809,2.0,Core,830800.0,2021-11-28,2022-11-28,0,100-110%
178,813,4.0,Pro,41000.0,2022-03-31,2024-03-30,0,100-110%
179,821,4.0,Pro,206500.0,2021-07-26,2022-07-26,0,>110%
180,826,,Core,39400.0,2023-05-01,2025-04-30,1,<90%
181,828,1.0,Core,1516400.0,2022-02-25,2024-02-25,0,>110%
182,838,3.0,Core,16200.0,2022-04-25,2024-04-24,0,90-100%
183,839,3.0,Pro,609200.0,2021-09-29,2022-09-29,0,90-100%
184,841,4.0,Pro,17100.0,2021-04-28,2023-04-28,0,90-100%
185,844,6.0,Core,235200.0,2023-03-06,2024-03-05,0,100-110%
186,858,3.0,Pro,138000.0,2021-11-14,2022-11-14,0,90-100%
187,871,6.0,Enterprise Suite,1959700.0,2023-12-26,2024-12-25,0,90-100%
188,873,,Pro,7400.0,2022-09-21,2023-09-21,0,>110%
189,877,2.0,Core,22100.0,2022-03-10,2024-03-09,0,90-100%
190,887,6.0,Pro,69900.0,2023-02-11,2024-02-11,0,>110%
191,893,1.0,Pro,1379500.0,2023-01-11,2025-01-10,0,90-100%
192,898,5.0,Core,9200.0,2023-09-14,2024-09-13,0,>110%
193,903,3.0,Pro,234200.0,2023-08-18,2025-08-17,1,90-100%
194,904,6.0,Core,74300.0,2023-08-11,2025-08-10,1,100-110%
195,905,2.0,Enterprise Suite,5700.0,2023-01-09,2024-01-09,0,90-100%
196,919,,Enterprise Suite,1220200.0,2023-10-04,2024-10-03,0,100-110%
197,924,1.0,Pro,18400.0,2023-08-22,2024-08-21,0,100-110%
198,926,4.0,Pro,137400.0,2022-05-17,2024-05-16,0,90-100%
199,935,3.0,Enterprise Suite,884500.0,2022-05-31,2024-05-30,0,>110%
200,936,2.0,Pro,519000.0,2021-02-01,2022-02-01,0,90-100%
201,938,,Core,38200.0,2021-09-30,2022-09-30,0,100-110%
202,940,5.0,Core,607900.0,2021-04-08,2023-04-08,0,90-100%
203,942,5.0,Enterprise Suite,26000.0,2022-11-01,2024-10-31,0,<90%
204,943,4.0,Enterprise Suite,1197700.0,2021-08-11,2023-08-11,0,90-100%
205,948,5.0,Enterprise Suite,104700.0,2022-04-09,2024-04-08,0,100-110%
206,959,2.0,Pro,854900.0,2023-11-14,2024-11-13,0,>110%
207,966,2.0,Core,13200.0,2021-01-12,2022-01-12,0,<90%
208,969,3.0,Pro,175100.0,2023-09-15,2025-09-14,1,100-110%
209,972,4.0,Core,342900.0,2022-06-14,2023-06-14,0,<90%
210,975,1.0,Pro,1388400.0,2021-07-04,2022-07-04,0,<90%
211,977,1.0,Enterprise Suite,138200.0,2022-12-04,2024-12-03,0,>110%
212,982,,Core,1831600.0,2021-05-06,2023-05-06,0,90-100%
213,984,5.0,Enterprise Suite,1296100.0,2022-09-24,2023-09-24,0,<90%
214,993,1.0,Pro,46100.0,2022-11-24,2023-11-24,0,90-100%
215,997,5.0,Core,211900.0,2022-12-17,2023-12-17,0,100-110%
216,998,4.0,Core,178800.0,2022-09-09,2024-09-08,0,100-110%
217,1004,6.0,Core,20600.0,2022-05-01,2023-05-01,0,90-100%
218,1005,3.0,Enterprise Suite,1064400.0,2023-03-18,2025-03-17,1,90-100%
219,1006,1.0,Pro,138300.0,2022-10-19,2023-10-19,0,<90%
220,1007,6.0,Pro,137300.0,2023-05-12,2025-05-11,1,100-110%
221,1010,6.0,Pro,64200.0,2023-12-20,2025-12-19,1,<90%
222,1014,6.0,Enterprise Suite,25700.0,2023-07-12,2024-07-11,0,90-100%
223,1027,1.0,Pro,883000.0,2022-09-24,2024-09-23,0,90-100%
224,1030,,Enterprise Suite,8500.0,2023-10-28,2024-10-27,0,100-110%
225,1035,,Core,7900.0,2021-09-17,2022-09-17,0,100-110%
226,1037,4.0,Enterprise Suite,29400.0,2023-05-09,2024-05-08,0,>110%
227,1039,2.0,Pro,50700.0,2023-07-19,2025-07-18,1,90-100%
228,1040,4.0,Enterprise Suite,383900.0,2021-04-04,2023-04-04,0,90-100%
229,1047,6.0,Core,236500.0,2023-04-19,2025-04-18,1,>110%
230,1060,3.0,Core,1315600.0,2023-04-09,2025-04-08,1,100-110%
231,1062,3.0,Pro,81400.0,2021-11-23,2022-11-23,0,90-100%
232,1063,6.0,Core,125100.0,2022-12-07,2023-12-07,0,100-110%
233,1066,5.0,Core,1279600.0,2023-03-03,2024-03-02,0,<90%
234,1078,5.0,Pro,1028700.0,2023-06-22,2024-06-21,0,>110%
235,1081,6.0,Core,67700.0,2021-07-14,2022-07-14,0,90-100%
236,1082,,Pro,24600.0,2021-08-17,2023-08-17,0,>110%
237,1085,3.0,Core,10100.0,2023-04-21,2024-04-20,0,>110%
238,1086,4.0,Pro,128600.0,2023-07-21,2025-07-20,1,90-100%
239,1088,1.0,Pro,18600.0,2021-06-16,2022-06-16,0,90-100%
240,1089,3.0,Enterprise Suite,40100.0,2021-06-17,2022-06-17,0,90-100%
241,1092,2.0,Enterprise Suite,187700.0,2022-02-10,2024-02-10,0,90-100%
242,1094,4.0,Core,9900.0,2022-08-05,2024-08-04,0,90-100%
243,1096,3.0,Core,219500.0,2021-12-15,2022-12-15,0,>110%
244,1101,2.0,Core,32700.0,2021-08-25,2022-08-25,0,100-110%
245,1104,1.0,Enterprise Suite,19600.0,2023-12-29,2025-12-28,1,90-100%
246,1110,2.0,Pro,43800.0,2022-05-29,2024-05-28,0,90-100%
247,1114,1.0,Pro,33500.0,2023-05-17,2024-05-16,0,<90%
248,1121,1.0,Pro,48500.0,2023-09-19,2025-09-18,1,100-110%
249,1129,,Core,53700.0,2023-04-24,2024-04-23,0,90-100%
250,1131,3.0,Core,17000.0,2023-10-11,2024-10-10,0,<90%
251,1134,4.0,Core,27600.0,2023-02-25,2024-02-25,0,100-110%
252,1137,5.0,Core,147500.0,2021-09-30,2023-09-30,0,100-110%
253,1139,1.0,Pro,11200.0,2022-10-16,2024-10-15,0,90-100%
254,1147,5.0,Pro,24100.0,2022-05-12,2023-05-12,0,90-100%
255,1149,3.0,Enterprise Suite,532700.0,2021-11-11,2022-11-11,0,>110%
256,1150,6.0,Pro,712900.0,2023-05-26,2025-05-25,1,90-100%
257,1152,5.0,Core,107700.0,2022-03-12,2024-03-11,0,<90%
258,1155,2.0,Core,232000.0,2022-09-19,2024-09-18,0,>110%
259,1156,6.0,Enterprise Suite,1647500.0,2023-07-09,2024-07-08,0,<90%
260,1164,3.0,Enterprise Suite,28700.0,2023-12-09,2025-12-08,1,100-110%
261,1166,4.0,Core,195200.0,2022-10-24,2024-10-23,0,>110%
262,1171,1.0,Enterprise Suite,229900.0,2022-10-19,2023-10-19,0,100-110%
263,1178,1.0,Pro,127400.0,2021-07-19,2022-07-19,0,90-100%
264,1189,4.0,Core,12300.0,2021-11-10,2023-11-10,0,<90%
265,1190,,Pro,24200.0,2022-02-04,2024-02-04,0,90-100%
266,1191,5.0,Core,130900.0,2022-01-24,2023-01-24,0,100-110%
267,1196,1.0,Pro,133900.0,2023-11-02,2024-11-01,0,90-100%
268,1198,4.0,Enterprise Suite,59800.0,2021-10-26,2022-10-26,0,>110%
269,1200,2.0,Pro,27400.0,2021-04-14,2022-04-14,0,90-100%
270,1202,1.0,Core,1315400.0,2023-05-31,2025-05-30,1,100-110%
271,1208,6.0,Pro,97300.0,2022-10-16,2024-10-15,0,100-110%
272,1225,6.0,Pro,163100.0,2021-04-18,2022-04-18,0,100-110%
273,1228,1.0,Pro,182200.0,2021-03-31,2023-03-31,0,90-100%
274,1231,2.0,Core,193000.0,2021-07-16,2023-07-16,0,90-100%
275,1241,4.0,Enterprise Suite,1508500.0,2023-09-10,2024-09-09,0,90-100%
276,1248,3.0,Core,1320300.0,2023-11-18,2025-11-17,1,<90%
277,1255,2.0,Core,703000.0,2023-04-07,2024-04-06,0,90-100%
278,1266,1.0,Pro,86600.0,2022-06-30,2023-06-30,0,100-110%
279,1271,5.0,Pro,50300.0,2021-05-13,2023-05-13,0,90-100%
280,1280,1.0,Enterprise Suite,518000.0,2022-12-08,2023-12-08,0,90-100%
281,1281,,Core,24900.0,2022-06-02,2023-06-02,0,>110%
282,1288,,Enterprise Suite,203300.0,2022-08-11,2024-08-10,0,>110%
283,1294,6.0,Core,1260100.0,2022-11-30,2024-11-29,0,>110%
284,1295,4.0,Core,147100.0,2023-11-06,2024-11-05,0,>110%
285,1302,6.0,Pro,195400.0,2022-09-28,2024-09-27,0,90-100%
286,1320,2.0,Core,1602700.0,2023-05-09,2025-05-08,1,90-100%
287,1328,5.0,Pro,20800.0,2023-12-03,2025-12-02,1,>110%
288,1329,5.0,Core,103100.0,2023-04-26,2024-04-25,0,>110%
289,1333,,Core,28200.0,2021-09-19,2023-09-19,0,>110%
290,1340,2.0,Enterprise Suite,210400.0,2022-05-23,2023-05-23,0,<90%
291,1341,2.0,Core,959600.0,2022-01-15,2023-01-15,0,>110%
292,1348,4.0,Enterprise Suite,105700.0,2023-03-18,2025-03-17,1,>110%
293,1350,2.0,Core,24700.0,2021-05-24,2023-05-24,0,100-110%
294,1351,6.0,Pro,181200.0,2023-10-26,2025-10-25,1,90-100%
295,1362,2.0,Core,1786400.0,2021-06-25,2023-06-25,0,90-100%
296,1364,2.0,Core,21700.0,2022-02-12,2023-02-12,0,100-110%
297,1373,4.0,Enterprise Suite,201200.0,2021-06-26,2022-06-26,0,>110%
298,1377,,Core,20000.0,2021-01-21,2023-01-21,0,90-100%
299,1379,1.0,Pro,130800.0,2023-09-13,2024-09-12,0,<90%
300,1380,1.0,Core,33100.0,2023-08-02,2024-08-01,0,90-100%
301,1382,3.0,Enterprise Suite,1079200.0,2022-07-03,2023-07-03,0,90-100%
302,1384,1.0,Enterprise Suite,28600.0,2022-06-20,2023-06-20,0,100-110%
303,1386,2.0,Core,8000.0,2023-10-17,2024-10-16,0,90-100%
304,1387,4.0,Pro,43100.0,2023-08-03,2024-08-02,0,90-100%
305,1388,5.0,Core,1021200.0,2022-07-10,2024-07-09,0,>110%
306,1395,2.0,Pro,34700.0,2021-12-30,2022-12-30,0,<90%
307,1397,4.0,Pro,17500.0,2023-12-04,2024-12-03,0,100-110%
308,1403,1.0,Pro,12400.0,2023-12-08,2025-12-07,1,90-100%
309,1411,1.0,Pro,43100.0,2023-03-21,2024-03-20,0,>110%
310,1422,5.0,Pro,114400.0,2021-07-11,2023-07-11,0,<90%
311,1429,1.0,Core,54300.0,2023-07-28,2025-07-27,1,>110%
312,1432,3.0,Core,30400.0,2021-02-22,2023-02-22,0,>110%
313,1439,5.0,Core,44400.0,2021-05-19,2022-05-19,0,100-110%
314,1440,6.0,Pro,35700.0,2022-02-20,2024-02-20,0,90-100%
315,1442,,Pro,1712800.0,2023-08-04,2024-08-03,0,100-110%
316,1448,4.0,Pro,123200.0,2023-04-14,2024-04-13,0,>110%
317,1449,2.0,Enterprise Suite,37300.0,2023-03-25,2025-03-24,1,90-100%
318,1464,2.0,Pro,15100.0,2023-02-22,2025-02-21,0,<90%
319,1466,6.0,Enterprise Suite,641100.0,2023-07-08,2024-07-07,0,90-100%
320,1480,5.0,Core,568600.0,2021-02-05,2023-02-05,0,>110%
321,1497,2.0,Core,220200.0,2023-07-23,2024-07-22,0,90-100%
322,1499,1.0,Enterprise Suite,153400.0,2022-01-04,2024-01-04,0,90-100%
323,1508,9.0,Pro,237000.0,2023-10-26,2025-10-25,1,90-100%
324,1512,,Core,868500.0,2023-11-08,2024-11-07,0,<90%
325,1520,9.0,Enterprise Suite,188300.0,2021-03-05,2022-03-05,0,90-100%
326,1526,8.0,Core,180100.0,2022-08-31,2024-08-30,0,<90%
327,1530,10.0,Core,184500.0,2023-01-26,2024-01-26,0,90-100%
328,1533,7.0,Enterprise Suite,416800.0,2022-06-07,2024-06-06,0,90-100%
329,1540,9.0,Core,101000.0,2023-11-24,2024-11-23,0,90-100%
330,1545,,Pro,82600.0,2023-10-25,2025-10-24,1,100-110%
331,1547,7.0,Core,1761500.0,2022-01-26,2024-01-26,0,90-100%
332,1552,,Core,1016500.0,2022-05-06,2023-05-06,0,90-100%
333,1556,,Pro,1616500.0,2021-06-23,2022-06-23,0,>110%
334,1559,8.0,Core,842500.0,2022-03-29,2023-03-29,0,90-100%
335,1562,,Pro,1521300.0,2023-04-23,2025-04-22,1,90-100%
336,1563,8.0,Enterprise Suite,111400.0,2023-01-08,2024-01-08,0,<90%
337,1564,8.0,Enterprise Suite,217600.0,2023-11-16,2024-11-15,0,90-100%
338,1575,,Pro,158600.0,2023-08-31,2024-08-30,0,90-100%
339,1576,7.0,Core,455400.0,2023-07-08,2025-07-07,1,100-110%
340,1579,8.0,Enterprise Suite,1352500.0,2021-04-14,2023-04-14,0,100-110%
341,1603,10.0,Core,171500.0,2023-02-08,2025-02-07,0,100-110%
342,1604,,Enterprise Suite,149000.0,2022-07-22,2023-07-22,0,90-100%
343,1616,10.0,Core,1623800.0,2022-05-05,2023-05-05,0,<90%
344,1633,9.0,Enterprise Suite,1603800.0,2022-03-28,2023-03-28,0,100-110%
345,1638,10.0,Core,1141200.0,2023-12-22,2025-12-21,1,90-100%
346,1639,8.0,Enterprise Suite,72900.0,2021-04-16,2023-04-16,0,100-110%
347,1642,,Pro,175700.0,2021-02-01,2023-02-01,0,100-110%
348,1645,,Enterprise Suite,70000.0,2022-08-21,2023-08-21,0,>110%
349,1647,8.0,Enterprise Suite,48600.0,2023-03-22,2024-03-21,0,90-100%
350,1656,10.0,Core,11200.0,2021-02-03,2023-02-03,0,90-100%
351,1659,,Core,28700.0,2022-04-28,2023-04-28,0,<90%
352,1678,10.0,Enterprise Suite,43600.0,2022-03-15,2023-03-15,0,90-100%
353,1679,10.0,Core,522300.0,2021-09-24,2023-09-24,0,90-100%
354,1681,9.0,Enterprise Suite,30000.0,2021-01-10,2023-01-10,0,<90%
355,1688,7.0,Core,1734800.0,2023-04-21,2024-04-20,0,90-100%
356,1689,9.0,Core,115500.0,2021-11-11,2023-11-11,0,<90%
357,1696,8.0,Enterprise Suite,66600.0,2023-12-26,2025-12-25,1,100-110%
358,1697,7.0,Core,16600.0,2022-05-11,2023-05-11,0,100-110%
359,1715,10.0,Pro,720400.0,2023-04-13,2024-04-12,0,<90%
360,1717,,Core,63000.0,2022-01-18,2023-01-18,0,90-100%
361,1724,8.0,Enterprise Suite,5900.0,2022-07-15,2023-07-15,0,<90%
362,1727,10.0,Pro,1425100.0,2021-12-04,2022-12-04,0,<90%
363,1747,,Pro,1299200.0,2022-01-01,2023-01-01,0,90-100%
364,1748,9.0,Pro,1487000.0,2023-09-08,2024-09-07,0,90-100%
365,1749,,Core,896700.0,2021-04-13,2023-04-13,0,>110%
366,1750,,Core,866400.0,2022-04-20,2024-04-19,0,90-100%
367,1753,8.0,Core,10400.0,2022-02-24,2023-02-24,0,90-100%
368,1755,10.0,Enterprise Suite,211700.0,2022-07-25,2024-07-24,0,90-100%
369,1769,10.0,Enterprise Suite,159200.0,2022-03-11,2023-03-11,0,90-100%
370,1776,8.0,Pro,115000.0,2023-02-22,2024-02-22,0,100-110%
371,1786,8.0,Core,177600.0,2021-08-17,2022-08-17,0,>110%
372,1787,,Pro,214200.0,2023-03-18,2024-03-17,0,100-110%
373,1800,8.0,Pro,53400.0,2023-01-13,2025-01-12,0,90-100%
374,1810,,Pro,810300.0,2022-10-19,2023-10-19,0,<90%
375,1818,9.0,Enterprise Suite,315900.0,2022-04-29,2023-04-29,0,90-100%
376,1820,9.0,Enterprise Suite,449600.0,2022-10-29,2023-10-29,0,100-110%
377,1821,,Pro,210500.0,2022-07-30,2023-07-30,0,100-110%
378,1844,7.0,Enterprise Suite,789200.0,2023-03-08,2025-03-07,1,90-100%
379,1845,,Pro,180600.0,2021-04-21,2023-04-21,0,90-100%
380,1855,,Pro,1521600.0,2023-11-29,2025-11-28,1,100-110%
381,1861,9.0,Enterprise Suite,684900.0,2022-07-04,2024-07-03,0,90-100%
382,1866,9.0,Core,1810600.0,2022-11-07,2023-11-07,0,<90%
383,1882,8.0,Pro,116800.0,2023-03-11,2025-03-10,1,90-100%
384,1885,9.0,Pro,1367800.0,2021-06-10,2023-06-10,0,90-100%
385,1887,,Core,987600.0,2023-07-23,2025-07-22,1,90-100%
386,1895,7.0,Pro,1733400.0,2021-03-27,2022-03-27,0,90-100%
387,1903,10.0,Pro,930400.0,2022-07-12,2024-07-11,0,90-100%
388,1906,,Pro,17600.0,2022-08-10,2024-08-09,0,90-100%
389,1908,8.0,Enterprise Suite,1245100.0,2022-09-06,2024-09-05,0,<90%
390,1910,,Core,19400.0,2021-09-20,2022-09-20,0,<90%
391,1918,7.0,Pro,152800.0,2021-03-20,2023-03-20,0,90-100%
392,1922,9.0,Enterprise Suite,1446300.0,2021-02-05,2022-02-05,0,100-110%
393,1926,8.0,Enterprise Suite,8200.0,2021-02-24,2022-02-24,0,>110%
394,1927,10.0,Enterprise Suite,46800.0,2022-01-12,2024-01-12,0,90-100%
395,1932,9.0,Pro,1552000.0,2022-04-07,2024-04-06,0,100-110%
396,1951,,Pro,1988800.0,2023-11-16,2024-11-15,0,90-100%
397,1969,8.0,Enterprise Suite,12900.0,2023-08-01,2024-07-31,0,100-110%
398,1972,9.0,Pro,101900.0,2022-02-09,2023-02-09,0,90-100%
399,1974,8.0,Enterprise Suite,34900.0,2023-12-31,2024-12-30,0,90-100%
400,1980,10.0,Pro,889100.0,2023-07-08,2025-07-07,1,100-110%
401,1984,,Enterprise Suite,341800.0,2022-08-02,2024-08-01,0,<90%
402,1998,,Pro,825400.0,2022-06-16,2024-06-15,0,90-100%
403,1999,7.0,Core,32900.0,2023-05-19,2024-05-18,0,90-100%
404,2002,8.0,Core,17000.0,2021-10-28,2023-10-28,0,90-100%
405,2009,8.0,Pro,37500.0,2022-06-20,2023-06-20,0,>110%
406,2019,7.0,Enterprise Suite,1784600.0,2021-07-09,2022-07-09,0,100-110%
407,2024,8.0,Pro,19300.0,2021-01-14,2023-01-14,0,<90%
408,2026,,Core,1471400.0,2022-10-16,2023-10-16,0,90-100%
409,2033,,Enterprise Suite,1286500.0,2023-01-29,2024-01-29,0,<90%
410,2043,10.0,Pro,107700.0,2021-04-22,2023-04-22,0,90-100%
411,2044,8.0,Core,1518100.0,2021-08-06,2022-08-06,0,90-100%
412,2046,9.0,Pro,70300.0,2022-10-14,2024-10-13,0,100-110%
413,2061,10.0,Enterprise Suite,154700.0,2021-09-21,2022-09-21,0,100-110%
414,2090,7.0,Core,20300.0,2022-07-23,2023-07-23,0,<90%
415,2092,10.0,Enterprise Suite,28100.0,2021-06-18,2023-06-18,0,<90%
416,2107,,Core,956400.0,2021-09-06,2023-09-06,0,<90%
417,2114,8.0,Pro,1720700.0,2023-04-13,2024-04-12,0,90-100%
418,2115,9.0,Enterprise Suite,6400.0,2021-01-28,2023-01-28,0,>110%
419,2117,9.0,Enterprise Suite,291000.0,2022-10-31,2024-10-30,0,90-100%
420,2123,8.0,Enterprise Suite,43100.0,2023-02-12,2024-02-12,0,>110%
421,2125,7.0,Enterprise Suite,9500.0,2023-07-08,2025-07-07,1,90-100%
422,2126,8.0,Pro,1488900.0,2021-10-08,2023-10-08,0,100-110%
423,2128,,Core,544200.0,2023-06-29,2025-06-28,1,<90%
424,2129,7.0,Pro,15000.0,2021-06-29,2022-06-29,0,90-100%
425,2135,7.0,Core,94300.0,2022-06-29,2024-06-28,0,<90%
426,2144,10.0,Core,28600.0,2022-03-26,2023-03-26,0,90-100%
427,2148,7.0,Pro,214000.0,2021-07-06,2022-07-06,0,<90%
428,2158,,Enterprise Suite,477000.0,2022-08-08,2023-08-08,0,90-100%
429,2164,7.0,Pro,565900.0,2021-10-09,2023-10-09,0,100-110%
430,2173,9.0,Enterprise Suite,1248400.0,2023-11-27,2025-11-26,1,90-100%
431,2174,8.0,Core,4600.0,2022-11-12,2023-11-12,0,90-100%
432,2181,,Enterprise Suite,1569400.0,2022-10-16,2024-10-15,0,>110%
433,2183,7.0,Enterprise Suite,28800.0,2022-03-14,2024-03-13,0,100-110%
434,2191,10.0,Core,1571800.0,2021-03-19,2022-03-19,0,90-100%
435,2196,9.0,Enterprise Suite,179000.0,2022-10-31,2024-10-30,0,<90%
436,2198,8.0,Enterprise Suite,1699500.0,2021-04-08,2023-04-08,0,<90%
437,2217,,Pro,4500.0,2022-08-20,2023-08-20,0,100-110%
438,2221,,Core,16000.0,2023-11-08,2025-11-07,1,<90%
439,2241,9.0,Pro,522500.0,2023-02-04,2025-02-03,0,<90%
440,2248,10.0,Enterprise Suite,35300.0,2022-10-28,2023-10-28,0,>110%
441,2256,8.0,Pro,15100.0,2021-03-08,2023-03-08,0,>110%
442,2257,8.0,Pro,1795100.0,2022-01-05,2024-01-05,0,100-110%
443,2258,8.0,Enterprise Suite,12400.0,2021-09-22,2022-09-22,0,100-110%
444,2263,,Core,61400.0,2022-01-06,2023-01-06,0,>110%
445,2269,7.0,Enterprise Suite,1827800.0,2023-11-23,2024-11-22,0,100-110%
446,2276,9.0,Core,759100.0,2023-10-31,2024-10-30,0,90-100%
447,2282,9.0,Core,366300.0,2023-07-28,2025-07-27,1,90-100%
448,2294,7.0,Pro,8300.0,2022-07-17,2023-07-17,0,100-110%
449,2309,10.0,Enterprise Suite,22300.0,2023-06-04,2024-06-03,0,90-100%
450,2331,8.0,Enterprise Suite,1472000.0,2021-12-05,2022-12-05,0,>110%
451,2333,7.0,Enterprise Suite,418900.0,2022-02-08,2023-02-08,0,90-100%
452,2336,,Pro,141700.0,2022-05-10,2023-05-10,0,90-100%
453,2357,9.0,Pro,19000.0,2022-04-20,2023-04-20,0,90-100%
454,2358,,Core,1176800.0,2021-09-13,2023-09-13,0,<90%
455,2370,,Enterprise Suite,237600.0,2021-06-11,2023-06-11,0,<90%
456,2372,9.0,Core,36200.0,2023-05-02,2024-05-01,0,90-100%
457,2382,9.0,Core,31900.0,2023-04-04,2024-04-03,0,90-100%
458,2383,9.0,Pro,1777100.0,2022-08-20,2024-08-19,0,90-100%
459,2387,10.0,Enterprise Suite,68600.0,2021-12-20,2023-12-20,0,100-110%
460,2389,9.0,Enterprise Suite,24600.0,2023-09-05,2024-09-04,0,100-110%
461,2399,10.0,Enterprise Suite,39100.0,2023-02-21,2024-02-21,0,90-100%
462,2400,7.0,Pro,1339600.0,2022-11-29,2024-11-28,0,<90%
463,2402,10.0,Core,1216300.0,2021-02-06,2022-02-06,0,<90%
464,2408,8.0,Core,71500.0,2021-10-11,2023-10-11,0,90-100%
465,2412,10.0,Core,30100.0,2022-07-30,2023-07-30,0,90-100%
466,2414,9.0,Enterprise Suite,65700.0,2021-04-23,2023-04-23,0,>110%
467,2435,,Pro,947600.0,2023-02-15,2025-02-14,0,>110%
468,2442,10.0,Core,42800.0,2023-02-20,2024-02-20,0,>110%
469,2448,,Pro,139700.0,2022-10-14,2024-10-13,0,<90%
470,2454,9.0,Core,767400.0,2021-07-02,2022-07-02,0,90-100%
471,2460,8.0,Core,121700.0,2023-06-07,2025-06-06,1,<90%
472,2461,,Pro,30500.0,2021-06-30,2023-06-30,0,>110%
473,2462,8.0,Pro,26200.0,2023-06-27,2024-06-26,0,90-100%
474,2466,10.0,Core,48300.0,2023-09-11,2025-09-10,1,90-100%
475,2468,,Pro,77900.0,2023-08-05,2024-08-04,0,90-100%
476,2470,8.0,Enterprise Suite,1207600.0,2021-06-23,2022-06-23,0,90-100%
477,2471,10.0,Core,125400.0,2021-12-04,2022-12-04,0,<90%
478,2473,10.0,Enterprise Suite,16200.0,2021-10-09,2023-10-09,0,100-110%
479,2487,10.0,Enterprise Suite,1516500.0,2022-01-25,2024-01-25,0,100-110%
480,2489,10.0,Pro,956600.0,2022-07-22,2024-07-21,0,90-100%
481,2508,7.0,Core,17800.0,2021-05-31,2023-05-31,0,90-100%
482,2518,7.0,Pro,116700.0,2022-05-05,2023-05-05,0,100-110%
483,2535,7.0,Core,1271000.0,2022-02-25,2024-02-25,0,<90%
484,2543,7.0,Core,1824700.0,2021-08-07,2022-08-07,0,<90%
485,2556,,Pro,1035800.0,2023-07-13,2024-07-12,0,90-100%
486,2563,,Pro,16500.0,2022-12-17,2023-12-17,0,90-100%
487,2567,9.0,Pro,136000.0,2022-01-01,2024-01-01,0,<90%
488,2569,,Enterprise Suite,525900.0,2022-04-18,2023-04-18,0,90-100%
489,2594,10.0,Pro,45200.0,2022-03-09,2023-03-09,0,<90%
490,2599,7.0,Core,65800.0,2023-10-04,2024-10-03,0,>110%
491,2603,9.0,Pro,28800.0,2022-10-21,2023-10-21,0,<90%
492,2607,,Core,101000.0,2023-07-26,2024-07-25,0,90-100%
493,2609,9.0,Core,33300.0,2021-02-05,2022-02-05,0,90-100%
494,2619,,Pro,33700.0,2021-11-13,2022-11-13,0,<90%
495,2623,7.0,Core,1700000.0,2022-06-13,2023-06-13,0,<90%
496,2635,,Pro,21700.0,2022-01-04,2023-01-04,0,90-100%
497,2646,,Core,57400.0,2021-08-08,2022-08-08,0,90-100%
498,2652,8.0,Pro,40400.0,2022-02-09,2024-02-09,0,<90%
499,2659,7.0,Enterprise Suite,1443400.0,2021-08-18,2022-08-18,0,<90%
500,2662,9.0,Pro,15300.0,2023-01-30,2024-01-30,0,100-110%
501,2669,,Enterprise Suite,946800.0,2021-06-09,2022-06-09,0,90-100%
502,2671,,Enterprise Suite,24800.0,2022-04-08,2024-04-07,0,>110%
503,2675,7.0,Core,796600.0,2023-08-26,2024-08-25,0,<90%
504,2678,7.0,Pro,198200.0,2023-06-08,2024-06-07,0,>110%
505,2683,7.0,Core,117700.0,2021-07-21,2022-07-21,0,90-100%
506,2695,9.0,Core,44300.0,2023-12-24,2024-12-23,0,100-110%
507,2697,,Pro,100900.0,2021-11-01,2023-11-01,0,<90%
508,2699,9.0,Pro,8900.0,2021-11-03,2023-11-03,0,100-110%
509,2703,12.0,Enterprise Suite,141700.0,2022-09-18,2024-09-17,0,90-100%
510,2705,13.0,Enterprise Suite,1335600.0,2021-08-20,2022-08-20,0,100-110%
511,2708,12.0,Pro,1731500.0,2022-07-05,2023-07-05,0,<90%
512,2709,12.0,Core,115400.0,2022-04-17,2024-04-16,0,>110%
513,2712,13.0,Core,11000.0,2021-04-15,2022-04-15,0,90-100%
514,2713,13.0,Enterprise Suite,30900.0,2021-12-01,2022-12-01,0,90-100%
515,2715,11.0,Core,69400.0,2021-04-02,2023-04-02,0,90-100%
516,2721,12.0,Pro,6100.0,2023-07-09,2024-07-08,0,>110%
517,2722,11.0,Core,441300.0,2023-05-07,2025-05-06,1,100-110%
518,2723,11.0,Enterprise Suite,29700.0,2021-12-09,2022-12-09,0,100-110%
519,2725,12.0,Pro,1580600.0,2022-07-21,2024-07-20,0,100-110%
520,2729,13.0,Enterprise Suite,132000.0,2023-04-08,2024-04-07,0,100-110%
521,2731,13.0,Pro,34800.0,2021-08-06,2022-08-06,0,>110%
522,2741,11.0,Pro,8900.0,2023-10-10,2025-10-09,1,100-110%
523,2742,11.0,Pro,134600.0,2022-05-06,2024-05-05,0,>110%
524,2743,13.0,Core,24100.0,2021-10-24,2023-10-24,0,100-110%
525,2747,13.0,Core,10400.0,2023-03-08,2025-03-07,1,>110%
526,2759,12.0,Pro,1626400.0,2023-09-10,2024-09-09,0,90-100%
527,2767,12.0,Core,463900.0,2022-10-05,2023-10-05,0,>110%
528,2768,13.0,Enterprise Suite,6900.0,2023-08-12,2025-08-11,1,90-100%
529,2783,12.0,Pro,29600.0,2022-08-16,2023-08-16,0,100-110%
530,2786,13.0,Core,838000.0,2023-08-02,2025-08-01,1,100-110%
531,2787,13.0,Core,45600.0,2021-09-21,2023-09-21,0,100-110%
532,2795,13.0,Enterprise Suite,105100.0,2023-07-12,2024-07-11,0,90-100%
533,2797,11.0,Pro,1624400.0,2023-10-10,2024-10-09,0,90-100%
534,2798,13.0,Enterprise Suite,233200.0,2022-05-06,2024-05-05,0,100-110%
535,2802,12.0,Pro,28800.0,2021-01-05,2022-01-05,0,>110%
536,2803,13.0,Core,197700.0,2023-11-08,2025-11-07,1,90-100%
537,2804,11.0,Core,96500.0,2022-02-16,2024-02-16,0,100-110%
538,2808,,Core,155200.0,2023-12-16,2024-12-15,0,90-100%
539,2814,12.0,Core,21000.0,2021-02-17,2022-02-17,0,100-110%
540,2816,13.0,Pro,28000.0,2023-10-25,2024-10-24,0,>110%
541,2818,13.0,Core,36600.0,2023-04-16,2024-04-15,0,90-100%
542,2829,13.0,Enterprise Suite,31800.0,2021-02-12,2023-02-12,0,100-110%
543,2833,12.0,Pro,42400.0,2023-08-12,2025-08-11,1,90-100%
544,2834,11.0,Pro,19600.0,2021-04-02,2022-04-02,0,100-110%
545,2835,13.0,Pro,7600.0,2023-12-20,2025-12-19,1,>110%
546,2836,13.0,Pro,1936100.0,2022-08-21,2023-08-21,0,100-110%
547,2840,13.0,Core,28700.0,2022-05-16,2023-05-16,0,>110%
548,2846,13.0,Core,44400.0,2022-12-09,2024-12-08,0,100-110%
549,2851,12.0,Core,56100.0,2022-05-06,2024-05-05,0,100-110%
550,2857,11.0,Pro,1325600.0,2021-08-03,2022-08-03,0,<90%
551,2859,12.0,Pro,631500.0,2021-02-07,2023-02-07,0,100-110%
552,2860,11.0,Enterprise Suite,167000.0,2023-12-09,2024-12-08,0,90-100%
553,2863,13.0,Enterprise Suite,43500.0,2023-01-23,2024-01-23,0,100-110%
554,2864,11.0,Enterprise Suite,162600.0,2021-02-14,2023-02-14,0,>110%
555,2871,11.0,Core,41600.0,2022-08-25,2023-08-25,0,>110%
556,2872,12.0,Core,33500.0,2023-12-01,2024-11-30,0,100-110%
557,2873,11.0,Core,222000.0,2022-04-19,2023-04-19,0,90-100%
558,2874,11.0,Core,826000.0,2021-05-11,2022-05-11,0,100-110%
559,2876,13.0,Core,45600.0,2023-11-17,2025-11-16,1,100-110%
560,2878,13.0,Core,15300.0,2022-10-28,2024-10-27,0,100-110%
561,2879,11.0,Pro,24500.0,2021-07-11,2023-07-11,0,100-110%
562,2885,12.0,Enterprise Suite,157300.0,2022-06-23,2023-06-23,0,90-100%
563,2889,12.0,Core,18300.0,2022-05-06,2024-05-05,0,100-110%
564,2890,12.0,Pro,9900.0,2021-03-31,2022-03-31,0,90-100%
565,2891,13.0,Pro,1072600.0,2021-08-21,2022-08-21,0,>110%
566,2895,11.0,Enterprise Suite,208700.0,2023-03-11,2024-03-10,0,<90%
567,2900,11.0,Pro,32200.0,2023-05-13,2025-05-12,1,>110%
568,2904,12.0,Core,160800.0,2022-11-13,2023-11-13,0,90-100%
569,2909,11.0,Pro,428300.0,2021-01-23,2022-01-23,0,<90%
570,2910,13.0,Enterprise Suite,1455400.0,2021-06-11,2023-06-11,0,>110%
571,2913,12.0,Pro,101300.0,2021-10-28,2022-10-28,0,100-110%
572,2915,13.0,Pro,54800.0,2021-07-14,2022-07-14,0,100-110%
573,2919,11.0,Pro,721200.0,2023-04-23,2024-04-22,0,90-100%
574,2924,12.0,Pro,117000.0,2022-10-28,2024-10-27,0,>110%
575,2928,13.0,Pro,32300.0,2022-04-10,2024-04-09,0,100-110%
576,2930,12.0,Enterprise Suite,23100.0,2021-09-08,2022-09-08,0,90-100%
577,2932,12.0,Core,17800.0,2021-08-29,2023-08-29,0,100-110%
578,2936,12.0,Enterprise Suite,757400.0,2023-04-03,2024-04-02,0,90-100%
579,2942,12.0,Pro,67600.0,2022-03-14,2024-03-13,0,>110%
580,2943,12.0,Core,9800.0,2022-12-15,2024-12-14,0,90-100%
581,2944,12.0,Enterprise Suite,35300.0,2022-02-08,2023-02-08,0,>110%
582,2945,,Enterprise Suite,81700.0,2021-01-16,2023-01-16,0,<90%
583,2947,13.0,Core,26500.0,2022-03-11,2024-03-10,0,100-110%
584,2950,13.0,Core,27900.0,2022-11-07,2024-11-06,0,90-100%
585,2952,11.0,Enterprise Suite,61000.0,2023-07-23,2024-07-22,0,100-110%
586,2955,12.0,Pro,52200.0,2021-04-11,2023-04-11,0,>110%
587,2957,11.0,Pro,578700.0,2021-01-07,2022-01-07,0,100-110%
588,2959,13.0,Core,1180700.0,2022-05-13,2024-05-12,0,100-110%
589,2961,13.0,Core,173800.0,2021-03-02,2023-03-02,0,90-100%
590,2962,12.0,Core,22800.0,2022-06-15,2024-06-14,0,100-110%
591,2964,12.0,Enterprise Suite,10700.0,2022-05-14,2024-05-13,0,>110%
592,2972,11.0,Pro,18100.0,2022-05-20,2024-05-19,0,100-110%
593,2976,11.0,Pro,176100.0,2021-06-04,2022-06-04,0,100-110%
594,2978,13.0,Core,39400.0,2021-02-15,2023-02-15,0,>110%
595,2983,13.0,Enterprise Suite,9800.0,2022-10-25,2023-10-25,0,>110%
596,2984,12.0,Enterprise Suite,170900.0,2021-11-30,2023-11-30,0,100-110%
597,2987,11.0,Core,108800.0,2021-02-27,2022-02-27,0,100-110%
598,2988,11.0,Core,108500.0,2021-11-03,2023-11-03,0,>110%
599,2989,13.0,Enterprise Suite,1109300.0,2021-08-20,2023-08-20,0,100-110%
600,2991,12.0,Core,230200.0,2021-10-17,2022-10-17,0,90-100%
601,2995,12.0,Core,70600.0,2023-08-18,2025-08-17,1,100-110%
602,2997,11.0,Core,20900.0,2022-08-25,2024-08-24,0,>110%
603,3011,13.0,Enterprise Suite,82100.0,2021-12-19,2022-12-19,0,90-100%
604,3017,11.0,Enterprise Suite,421500.0,2023-03-07,2024-03-06,0,90-100%
605,3025,12.0,Enterprise Suite,1761300.0,2023-10-19,2024-10-18,0,<90%
606,3030,13.0,Enterprise Suite,36900.0,2021-03-04,2023-03-04,0,100-110%
607,3031,13.0,Pro,40000.0,2021-12-10,2022-12-10,0,100-110%
608,3033,13.0,Core,144600.0,2023-02-07,2025-02-06,0,90-100%
609,3041,12.0,Core,67800.0,2023-09-20,2025-09-19,1,90-100%
610,3042,12.0,Pro,1120200.0,2022-03-31,2024-03-30,0,90-100%
611,3048,12.0,Enterprise Suite,26800.0,2022-03-04,2024-03-03,0,100-110%
612,3053,12.0,Core,141400.0,2021-11-10,2023-11-10,0,100-110%
613,3058,13.0,Core,171600.0,2021-06-28,2023-06-28,0,90-100%
614,3064,11.0,Pro,1959300.0,2021-01-15,2023-01-15,0,90-100%
615,3065,12.0,Pro,108700.0,2023-03-22,2024-03-21,0,100-110%
616,3068,13.0,Core,53300.0,2023-01-21,2024-01-21,0,90-100%
617,3069,12.0,Core,156000.0,2023-11-09,2024-11-08,0,100-110%
618,3070,12.0,Enterprise Suite,137500.0,2023-12-03,2024-12-02,0,>110%
619,3081,11.0,Enterprise Suite,26300.0,2022-10-06,2024-10-05,0,100-110%
620,3083,11.0,Enterprise Suite,2138300.0,2021-09-05,2022-09-05,0,>110%
621,3084,12.0,Core,99900.0,2023-06-27,2024-06-26,0,90-100%
622,3085,12.0,Core,240200.0,2023-07-17,2024-07-16,0,90-100%
623,3087,12.0,Enterprise Suite,21000.0,2023-01-16,2024-01-16,0,100-110%
624,3091,13.0,Enterprise Suite,99900.0,2021-04-21,2023-04-21,0,100-110%
625,3092,11.0,Core,69200.0,2021-12-12,2023-12-12,0,>110%
626,3093,11.0,Core,37200.0,2023-01-03,2025-01-02,0,90-100%
627,3097,11.0,Core,1455900.0,2022-05-18,2024-05-17,0,90-100%
628,3100,11.0,Core,12900.0,2023-01-17,2025-01-16,0,100-110%
629,3106,11.0,Enterprise Suite,43800.0,2022-12-30,2024-12-29,0,100-110%
630,3111,11.0,Enterprise Suite,20100.0,2023-07-18,2024-07-17,0,90-100%
631,3115,13.0,Core,9600.0,2022-01-03,2023-01-03,0,90-100%
632,3116,12.0,Core,955400.0,2022-12-08,2024-12-07,0,90-100%
633,3120,,Enterprise Suite,135400.0,2023-01-27,2024-01-27,0,100-110%
634,3123,,Pro,46200.0,2021-03-02,2023-03-02,0,>110%
635,3126,13.0,Core,71600.0,2023-07-09,2025-07-08,1,100-110%
636,3128,13.0,Pro,1017500.0,2021-05-29,2022-05-29,0,100-110%
637,3130,11.0,Enterprise Suite,18900.0,2022-07-04,2024-07-03,0,>110%
638,3135,12.0,Pro,36300.0,2023-07-08,2024-07-07,0,>110%
639,3136,12.0,Pro,18200.0,2021-10-15,2023-10-15,0,90-100%
640,3139,12.0,Enterprise Suite,1468100.0,2023-09-19,2024-09-18,0,>110%
641,3140,11.0,Pro,16200.0,2021-02-15,2022-02-15,0,90-100%
642,3141,12.0,Core,222500.0,2021-09-14,2022-09-14,0,<90%
643,3142,13.0,Pro,30500.0,2021-03-26,2022-03-26,0,<90%
644,3145,11.0,Core,120900.0,2022-11-29,2023-11-29,0,100-110%
645,3148,11.0,Core,33500.0,2023-08-03,2025-08-02,1,100-110%
646,3149,13.0,Core,17900.0,2021-09-14,2022-09-14,0,90-100%
647,3150,12.0,Pro,962700.0,2021-07-11,2023-07-11,0,100-110%
648,3152,12.0,Pro,62500.0,2021-01-25,2022-01-25,0,>110%
649,3161,11.0,Core,196200.0,2022-09-07,2023-09-07,0,90-100%
650,3164,13.0,Enterprise Suite,23200.0,2022-07-05,2024-07-04,0,100-110%
651,3173,12.0,Enterprise Suite,12400.0,2023-06-24,2025-06-23,1,>110%
652,3174,12.0,Core,224800.0,2023-01-07,2025-01-06,0,100-110%
653,3175,12.0,Pro,147900.0,2021-09-01,2023-09-01,0,90-100%
654,3181,11.0,Pro,16800.0,2021-01-24,2022-01-24,0,100-110%
655,3187,11.0,Core,14000.0,2023-04-03,2024-04-02,0,90-100%
656,3188,11.0,Pro,96400.0,2023-04-03,2024-04-02,0,90-100%
657,3189,11.0,Pro,211800.0,2021-07-09,2022-07-09,0,>110%
658,3196,11.0,Pro,212800.0,2021-08-22,2023-08-22,0,100-110%
659,3199,13.0,Core,105300.0,2023-04-24,2024-04-23,0,100-110%
660,3201,13.0,Enterprise Suite,21800.0,2023-11-28,2025-11-27,1,100-110%
661,3203,12.0,Enterprise Suite,140600.0,2021-03-13,2023-03-13,0,100-110%
662,3204,11.0,Core,763400.0,2022-10-06,2024-10-05,0,100-110%
663,3206,13.0,Pro,853700.0,2021-07-31,2023-07-31,0,100-110%
664,3214,12.0,Core,918800.0,2023-04-05,2024-04-04,0,90-100%
665,3215,11.0,Core,1528700.0,2022-05-22,2023-05-22,0,90-100%
666,3216,11.0,Core,11100.0,2021-02-27,2022-02-27,0,90-100%
667,3221,12.0,Pro,33900.0,2023-12-06,2024-12-05,0,>110%
668,3222,12.0,Enterprise Suite,11000.0,2023-08-05,2025-08-04,1,100-110%
669,3228,12.0,Core,42800.0,2022-09-17,2023-09-17,0,>110%
670,3231,13.0,Enterprise Suite,205000.0,2023-03-13,2024-03-12,0,>110%
671,3237,11.0,Core,38200.0,2022-04-25,2023-04-25,0,100-110%
672,3238,12.0,Enterprise Suite,20800.0,2023-06-21,2025-06-20,1,>110%
673,3239,12.0,Pro,117200.0,2022-12-26,2023-12-26,0,90-100%
674,3244,,Pro,40500.0,2023-08-24,2024-08-23,0,90-100%
675,3252,13.0,Core,12900.0,2021-08-21,2023-08-21,0,100-110%
676,3253,11.0,Core,18900.0,2023-05-23,2025-05-22,1,100-110%
677,3260,11.0,Pro,4600.0,2023-07-12,2024-07-11,0,>110%
678,3261,11.0,Enterprise Suite,35300.0,2021-05-31,2022-05-31,0,100-110%
679,3262,13.0,Enterprise Suite,47600.0,2022-11-26,2023-11-26,0,100-110%
680,3264,11.0,Pro,1168400.0,2023-01-08,2025-01-07,0,<90%
681,3268,11.0,Core,33800.0,2022-04-19,2024-04-18,0,100-110%
682,3269,13.0,Core,1415400.0,2023-11-13,2024-11-12,0,100-110%
683,3277,12.0,Core,342300.0,2022-02-06,2023-02-06,0,100-110%
684,3279,12.0,Enterprise Suite,112300.0,2022-02-03,2024-02-03,0,90-100%
685,3290,13.0,Enterprise Suite,30300.0,2021-06-22,2023-06-22,0,>110%
686,3291,11.0,Enterprise Suite,45700.0,2022-09-19,2023-09-19,0,100-110%
687,3292,13.0,Enterprise Suite,26400.0,2022-08-11,2024-08-10,0,90-100%
688,3293,11.0,Core,105700.0,2022-10-14,2024-10-13,0,90-100%
689,3297,13.0,Core,187000.0,2022-08-13,2024-08-12,0,100-110%
690,3303,13.0,Pro,15500.0,2022-08-04,2024-08-03,0,100-110%
691,3306,13.0,Core,6100.0,2023-11-30,2025-11-29,1,100-110%
692,3308,13.0,Enterprise Suite,22600.0,2021-10-23,2022-10-23,0,100-110%
693,3314,12.0,Core,15500.0,2023-08-08,2025-08-07,1,100-110%
694,3319,11.0,Core,30300.0,2022-03-29,2023-03-29,0,>110%
695,3322,12.0,Core,34400.0,2021-02-01,2022-02-01,0,<90%
696,3328,12.0,Pro,1418900.0,2022-05-08,2023-05-08,0,90-100%
697,3329,11.0,Pro,10200.0,2023-10-30,2025-10-29,1,>110%
698,3333,11.0,Enterprise Suite,1192600.0,2021-02-03,2023-02-03,0,<90%
699,3337,11.0,Pro,10200.0,2021-01-18,2023-01-18,0,>110%
700,3341,13.0,Core,34400.0,2021-08-15,2022-08-15,0,100-110%
701,3346,11.0,Enterprise Suite,26900.0,2021-12-28,2022-12-28,0,100-110%
702,3358,13.0,Enterprise Suite,101300.0,2021-05-27,2023-05-27,0,100-110%
703,3359,11.0,Pro,1560300.0,2022-02-09,2024-02-09,0,90-100%
704,3367,13.0,Core,64400.0,2022-11-02,2023-11-02,0,>110%
705,3371,13.0,Core,21900.0,2021-10-25,2023-10-25,0,>110%
706,3379,11.0,Pro,121400.0,2022-12-07,2023-12-07,0,90-100%
707,3380,,Pro,140900.0,2021-11-11,2023-11-11,0,100-110%
708,3381,12.0,Pro,121700.0,2023-08-19,2025-08-18,1,100-110%
709,3382,13.0,Core,199500.0,2021-03-08,2023-03-08,0,<90%
710,3387,11.0,Pro,137000.0,2021-09-28,2022-09-28,0,90-100%
711,3388,11.0,Pro,22900.0,2023-09-26,2025-09-25,1,>110%
712,3392,13.0,Core,215700.0,2023-04-06,2024-04-05,0,>110%
713,3395,11.0,Enterprise Suite,31000.0,2021-02-06,2022-02-06,0,90-100%
714,3397,13.0,Core,79100.0,2021-11-30,2023-11-30,0,>110%
715,3403,12.0,Enterprise Suite,17800.0,2023-11-02,2025-11-01,1,>110%
716,3405,12.0,Core,21300.0,2023-10-19,2024-10-18,0,100-110%
717,3407,13.0,Enterprise Suite,116700.0,2022-12-18,2024-12-17,0,90-100%
718,3417,12.0,Enterprise Suite,8600.0,2023-05-05,2025-05-04,1,>110%
719,3422,12.0,Pro,93500.0,2022-02-05,2023-02-05,0,>110%
720,3426,13.0,Pro,907000.0,2022-11-21,2024-11-20,0,>110%
721,3428,13.0,Core,12800.0,2021-01-31,2022-01-31,0,<90%
722,3445,11.0,Core,141200.0,2021-07-19,2022-07-19,0,100-110%
723,3451,12.0,Core,1643500.0,2022-09-06,2023-09-06,0,<90%
724,3459,11.0,Enterprise Suite,49600.0,2023-08-03,2025-08-02,1,90-100%
725,3461,12.0,Enterprise Suite,16000.0,2021-08-31,2022-08-31,0,100-110%
726,3467,11.0,Pro,63900.0,2021-04-17,2023-04-17,0,<90%
727,3471,13.0,Core,452100.0,2021-11-10,2023-11-10,0,>110%
728,3475,13.0,Core,379500.0,2023-02-22,2025-02-21,0,90-100%
729,3477,13.0,Pro,1048200.0,2021-07-09,2022-07-09,0,>110%
730,3492,12.0,Pro,38000.0,2023-07-11,2024-07-10,0,100-110%
731,3494,13.0,Core,28400.0,2021-03-05,2022-03-05,0,<90%
732,3499,12.0,Core,57600.0,2023-09-02,2024-09-01,0,>110%
733,3505,12.0,Enterprise Suite,174200.0,2022-07-29,2024-07-28,0,>110%
734,3508,13.0,Core,53700.0,2021-12-28,2023-12-28,0,100-110%
735,3511,12.0,Core,748000.0,2022-11-17,2024-11-16,0,100-110%
736,3512,11.0,Core,14600.0,2022-04-29,2024-04-28,0,100-110%
737,3516,12.0,Pro,20100.0,2021-06-08,2022-06-08,0,100-110%
738,3519,12.0,Pro,14600.0,2021-04-04,2022-04-04,0,90-100%
739,3522,13.0,Pro,482200.0,2021-09-15,2023-09-15,0,100-110%
740,3523,13.0,Core,61700.0,2022-04-05,2024-04-04,0,100-110%
741,3525,13.0,Core,231600.0,2022-12-13,2024-12-12,0,>110%
742,3526,12.0,Core,10600.0,2023-05-19,2025-05-18,1,100-110%
743,3531,13.0,Enterprise Suite,184700.0,2023-06-25,2024-06-24,0,>110%
744,3533,12.0,Core,909300.0,2023-05-24,2024-05-23,0,>110%
745,3538,11.0,Pro,222100.0,2021-12-15,2023-12-15,0,>110%
746,3539,12.0,Core,1287200.0,2022-10-04,2024-10-03,0,90-100%
747,3541,12.0,Core,38900.0,2023-09-05,2025-09-04,1,90-100%
748,3542,13.0,Core,78200.0,2023-05-21,2025-05-20,1,100-110%
749,3544,13.0,Core,6000.0,2022-04-13,2024-04-12,0,90-100%
750,3545,11.0,Pro,1364000.0,2021-10-04,2022-10-04,0,90-100%
751,3548,12.0,Core,1564200.0,2021-05-14,2023-05-14,0,>110%
752,3550,11.0,Core,11000.0,2021-12-28,2023-12-28,0,90-100%
753,3557,,Core,92300.0,2023-07-27,2024-07-26,0,100-110%
754,3571,12.0,Core,1474400.0,2021-11-21,2022-11-21,0,90-100%
755,3572,12.0,Enterprise Suite,216200.0,2023-03-04,2024-03-03,0,<90%
756,3576,13.0,Pro,8400.0,2023-10-13,2024-10-12,0,100-110%
757,3580,11.0,Core,34900.0,2022-01-02,2023-01-02,0,90-100%
758,3581,13.0,Pro,21300.0,2023-09-07,2024-09-06,0,<90%
759,3585,12.0,Core,1200500.0,2023-07-19,2025-07-18,1,100-110%
760,3587,12.0,Core,163700.0,2022-10-29,2024-10-28,0,100-110%
761,3591,11.0,Pro,138800.0,2021-05-06,2023-05-06,0,>110%
762,3596,11.0,Core,960200.0,2023-12-21,2024-12-20,0,>110%
763,3598,13.0,Pro,1554600.0,2023-06-02,2024-06-01,0,90-100%
764,3604,13.0,Core,743700.0,2021-04-29,2022-04-29,0,>110%
765,3605,13.0,Pro,9200.0,2021-07-22,2023-07-22,0,100-110%
766,3606,13.0,Pro,31900.0,2021-08-17,2023-08-17,0,90-100%
767,3618,13.0,Pro,100200.0,2022-08-19,2024-08-18,0,90-100%
768,3619,13.0,Pro,236500.0,2021-09-02,2022-09-02,0,100-110%
769,3620,12.0,Core,36400.0,2021-06-13,2023-06-13,0,100-110%
770,3624,13.0,Pro,60700.0,2021-03-05,2022-03-05,0,100-110%
771,3628,13.0,Core,43400.0,2021-11-25,2022-11-25,0,90-100%
772,3634,12.0,Pro,221300.0,2023-05-15,2024-05-14,0,>110%
773,3635,12.0,Pro,120300.0,2022-10-27,2023-10-27,0,100-110%
774,3647,12.0,Pro,1141900.0,2021-11-03,2022-11-03,0,>110%
775,3648,11.0,Core,25900.0,2022-01-15,2024-01-15,0,90-100%
776,3650,13.0,Pro,208000.0,2022-05-01,2023-05-01,0,100-110%
777,3653,12.0,Core,1560100.0,2021-05-29,2022-05-29,0,>110%
778,3656,13.0,Core,18100.0,2023-05-23,2024-05-22,0,>110%
779,3660,11.0,Pro,1464100.0,2022-08-27,2023-08-27,0,100-110%
780,3663,12.0,Enterprise Suite,1563800.0,2023-12-22,2025-12-21,1,100-110%
781,3665,13.0,Enterprise Suite,44600.0,2021-10-15,2023-10-15,0,90-100%
782,3672,13.0,Pro,30400.0,2023-09-26,2025-09-25,1,100-110%
783,3679,13.0,Pro,106300.0,2023-08-11,2024-08-10,0,100-110%
784,3681,12.0,Enterprise Suite,9500.0,2022-11-08,2023-11-08,0,100-110%
785,3682,12.0,Enterprise Suite,5400.0,2023-06-10,2025-06-09,1,<90%
786,3684,11.0,Core,227500.0,2022-03-18,2023-03-18,0,90-100%
787,3689,13.0,Pro,659700.0,2021-09-20,2022-09-20,0,<90%
788,3690,12.0,Enterprise Suite,12600.0,2022-11-03,2023-11-03,0,100-110%
789,3691,11.0,Pro,162800.0,2021-12-22,2022-12-22,0,100-110%
790,3695,,Core,1555100.0,2021-09-02,2022-09-02,0,<90%
791,3698,,Core,24500.0,2023-11-09,2024-11-08,0,90-100%
792,3700,11.0,Enterprise Suite,378600.0,2023-08-21,2024-08-20,0,90-100%
793,3712,16.0,Pro,26000.0,2021-12-26,2022-12-26,0,100-110%
794,3714,16.0,Core,28600.0,2023-10-27,2024-10-26,0,<90%
795,3720,14.0,Enterprise Suite,838800.0,2021-08-19,2023-08-19,0,<90%
796,3726,16.0,Pro,44400.0,2023-07-25,2025-07-24,1,100-110%
797,3728,16.0,Pro,38600.0,2022-05-18,2023-05-18,0,90-100%
798,3731,16.0,Enterprise Suite,31900.0,2023-07-14,2025-07-13,1,90-100%
799,3742,16.0,Core,53200.0,2022-04-23,2023-04-23,0,<90%
800,3754,15.0,Core,42200.0,2022-12-14,2024-12-13,0,90-100%
801,3769,16.0,Core,40100.0,2022-04-06,2024-04-05,0,<90%
802,3796,,Enterprise Suite,7000.0,2023-05-26,2025-05-25,1,<90%
803,3803,,Enterprise Suite,119100.0,2022-09-26,2023-09-26,0,90-100%
804,3813,15.0,Core,24000.0,2022-09-24,2024-09-23,0,100-110%
805,3830,,Core,19100.0,2023-04-07,2025-04-06,1,90-100%
806,3833,15.0,Pro,30500.0,2021-01-12,2023-01-12,0,<90%
807,3845,14.0,Enterprise Suite,211400.0,2022-06-07,2024-06-06,0,>110%
808,3847,14.0,Core,125100.0,2022-12-25,2024-12-24,0,100-110%
809,3852,16.0,Enterprise Suite,7400.0,2022-03-08,2023-03-08,0,100-110%
810,3858,16.0,Pro,44500.0,2022-11-06,2023-11-06,0,<90%
811,3864,14.0,Enterprise Suite,21200.0,2022-07-06,2024-07-05,0,90-100%
812,3866,14.0,Core,32800.0,2022-03-30,2024-03-29,0,100-110%
813,3867,16.0,Enterprise Suite,51500.0,2022-05-16,2023-05-16,0,100-110%
814,3886,14.0,Enterprise Suite,38700.0,2023-12-15,2025-12-14,1,100-110%
815,3890,14.0,Pro,40700.0,2021-11-30,2022-11-30,0,<90%
816,3903,15.0,Enterprise Suite,40600.0,2023-03-24,2025-03-23,1,100-110%
817,3905,14.0,Pro,28300.0,2021-11-20,2023-11-20,0,90-100%
818,3927,16.0,Core,968800.0,2022-07-14,2023-07-14,0,100-110%
819,3935,,Core,180600.0,2021-10-01,2022-10-01,0,<90%
820,3947,15.0,Enterprise Suite,123700.0,2021-03-16,2022-03-16,0,90-100%
821,3953,15.0,Enterprise Suite,46800.0,2023-11-23,2024-11-22,0,<90%
822,3954,14.0,Pro,21800.0,2022-06-10,2024-06-09,0,100-110%
823,3956,,Enterprise Suite,32300.0,2022-02-09,2024-02-09,0,100-110%
824,3980,16.0,Pro,187700.0,2022-11-10,2023-11-10,0,90-100%
825,3983,,Pro,18800.0,2021-04-07,2022-04-07,0,100-110%
826,3989,,Enterprise Suite,16500.0,2022-04-17,2024-04-16,0,<90%
827,3993,15.0,Core,121100.0,2021-01-28,2023-01-28,0,<90%
828,4013,16.0,Pro,23200.0,2023-03-09,2025-03-08,1,90-100%
829,4021,,Core,34400.0,2023-04-28,2024-04-27,0,100-110%
830,4023,15.0,Enterprise Suite,9600.0,2023-02-16,2025-02-15,0,100-110%
831,4036,,Core,25400.0,2022-06-21,2023-06-21,0,<90%
832,4049,,Pro,103300.0,2021-06-22,2023-06-22,0,90-100%
833,4067,16.0,Pro,17500.0,2021-05-28,2023-05-28,0,<90%
834,4074,,Pro,12900.0,2023-09-01,2025-08-31,1,100-110%
835,4079,16.0,Core,312700.0,2023-02-10,2024-02-10,0,100-110%
836,4081,16.0,Enterprise Suite,1421600.0,2023-12-26,2025-12-25,1,90-100%
837,4098,,Enterprise Suite,64600.0,2021-04-28,2022-04-28,0,<90%
838,4101,,Core,27400.0,2021-02-08,2022-02-08,0,<90%
839,4108,,Core,19300.0,2022-06-22,2023-06-22,0,90-100%
840,4114,14.0,Core,110200.0,2022-12-01,2024-11-30,0,100-110%
841,4117,15.0,Enterprise Suite,512100.0,2022-07-21,2024-07-20,0,100-110%
842,4120,16.0,Pro,7000.0,2022-12-24,2023-12-24,0,<90%
843,4128,14.0,Core,42400.0,2023-06-11,2024-06-10,0,<90%
844,4130,,Core,5800.0,2023-01-22,2024-01-22,0,90-100%
845,4136,16.0,Enterprise Suite,29700.0,2022-05-10,2024-05-09,0,100-110%
846,4137,14.0,Pro,8900.0,2021-09-29,2022-09-29,0,100-110%
847,4140,14.0,Pro,10000.0,2022-09-18,2024-09-17,0,<90%
848,4141,16.0,Core,4800.0,2023-04-29,2024-04-28,0,100-110%
849,4146,,Enterprise Suite,111100.0,2023-12-25,2024-12-24,0,>110%
850,4154,,Pro,45400.0,2022-05-29,2024-05-28,0,<90%
851,4157,15.0,Pro,7900.0,2021-06-21,2023-06-21,0,<90%
852,4160,,Enterprise Suite,37900.0,2022-12-14,2024-12-13,0,90-100%
853,4163,,Pro,57200.0,2022-11-24,2023-11-24,0,90-100%
854,4172,14.0,Pro,41700.0,2022-10-31,2024-10-30,0,90-100%
855,4181,16.0,Pro,27400.0,2023-05-27,2025-05-26,1,100-110%
856,4201,,Core,33500.0,2023-11-12,2025-11-11,1,90-100%
857,4211,,Core,26100.0,2022-11-17,2024-11-16,0,<90%
858,4215,14.0,Core,34900.0,2022-10-25,2023-10-25,0,90-100%
859,4240,14.0,Enterprise Suite,59800.0,2023-05-07,2025-05-06,1,<90%
860,4242,,Pro,10100.0,2021-01-15,2022-01-15,0,90-100%
861,4272,15.0,Core,35400.0,2023-07-12,2024-07-11,0,100-110%
862,4286,14.0,Core,160900.0,2022-03-23,2024-03-22,0,>110%
863,4293,,Enterprise Suite,1637100.0,2022-11-08,2024-11-07,0,<90%
864,4296,,Enterprise Suite,124000.0,2021-05-17,2022-05-17,0,90-100%
865,4301,16.0,Pro,10800.0,2023-09-18,2024-09-17,0,<90%
866,4317,14.0,Core,46100.0,2021-01-19,2022-01-19,0,90-100%
867,4331,14.0,Pro,107100.0,2023-07-03,2024-07-02,0,90-100%
868,4335,16.0,Pro,24000.0,2021-07-15,2023-07-15,0,100-110%
869,4351,15.0,Pro,8500.0,2022-11-23,2024-11-22,0,<90%
870,4355,15.0,Enterprise Suite,76700.0,2022-01-14,2024-01-14,0,<90%
871,4363,14.0,Enterprise Suite,58400.0,2021-05-15,2023-05-15,0,>110%
872,4367,16.0,Pro,100900.0,2021-01-25,2023-01-25,0,100-110%
873,4369,,Enterprise Suite,9000.0,2023-09-01,2024-08-31,0,90-100%
874,4393,15.0,Enterprise Suite,689500.0,2021-06-17,2023-06-17,0,<90%
875,4394,14.0,Pro,163400.0,2023-01-26,2025-01-25,0,100-110%
876,4408,,Enterprise Suite,163500.0,2023-12-25,2025-12-24,1,90-100%
877,4431,16.0,Core,21200.0,2022-04-17,2024-04-16,0,<90%
878,4448,14.0,Core,144100.0,2022-08-19,2023-08-19,0,<90%
879,4449,16.0,Core,1741300.0,2021-04-01,2023-04-01,0,90-100%
880,4450,14.0,Pro,172100.0,2023-07-13,2024-07-12,0,100-110%
881,4461,,Pro,202300.0,2021-11-18,2022-11-18,0,90-100%
882,4468,15.0,Core,168300.0,2023-11-15,2024-11-14,0,>110%
883,4469,,Pro,12400.0,2022-06-23,2023-06-23,0,90-100%
884,4489,15.0,Pro,7900.0,2023-03-13,2024-03-12,0,90-100%
885,4496,15.0,Pro,209100.0,2022-09-25,2024-09-24,0,90-100%
886,4504,18.0,Enterprise Suite,138500.0,2021-12-18,2023-12-18,0,>110%
887,4505,18.0,Pro,199500.0,2023-11-08,2025-11-07,1,100-110%
888,4506,17.0,Enterprise Suite,161800.0,2023-09-02,2024-09-01,0,90-100%
889,4507,18.0,Core,176500.0,2022-04-10,2024-04-09,0,>110%
890,4510,17.0,Pro,1733900.0,2023-12-13,2025-12-12,1,>110%
891,4515,17.0,Enterprise Suite,40200.0,2021-10-22,2023-10-22,0,90-100%
892,4518,17.0,Enterprise Suite,159300.0,2021-08-07,2022-08-07,0,90-100%
893,4520,18.0,Enterprise Suite,1148900.0,2021-08-24,2022-08-24,0,90-100%
894,4524,17.0,Enterprise Suite,79400.0,2022-06-04,2023-06-04,0,90-100%
895,4525,17.0,Pro,229700.0,2021-09-09,2022-09-09,0,>110%
896,4529,17.0,Core,981300.0,2022-07-09,2024-07-08,0,100-110%
897,4531,18.0,Core,1093200.0,2021-04-19,2022-04-19,0,90-100%
898,4535,17.0,Enterprise Suite,913400.0,2022-01-13,2024-01-13,0,90-100%
899,4540,18.0,Core,72000.0,2022-12-22,2023-12-22,0,90-100%
900,4541,18.0,Enterprise Suite,1383400.0,2022-04-05,2024-04-04,0,90-100%
901,4542,18.0,Pro,42200.0,2022-12-11,2023-12-11,0,100-110%
902,4544,17.0,Core,1353300.0,2023-01-29,2025-01-28,0,90-100%
903,4545,17.0,Core,1578200.0,2023-11-15,2024-11-14,0,>110%
904,4552,18.0,Pro,460700.0,2021-03-30,2022-03-30,0,>110%
905,4554,18.0,Core,197200.0,2021-12-06,2022-12-06,0,<90%
906,4561,18.0,Pro,150900.0,2022-01-25,2023-01-25,0,100-110%
907,4562,18.0,Core,167800.0,2021-12-16,2022-12-16,0,90-100%
908,4570,17.0,Pro,150000.0,2023-02-15,2025-02-14,0,100-110%
909,4575,17.0,Pro,1632600.0,2021-10-30,2022-10-30,0,<90%
910,4576,18.0,Enterprise Suite,73100.0,2021-01-09,2023-01-09,0,<90%
911,4577,17.0,Pro,193100.0,2022-04-24,2024-04-23,0,90-100%
912,4582,18.0,Pro,175200.0,2023-08-15,2025-08-14,1,100-110%
913,4587,18.0,Enterprise Suite,89900.0,2021-01-21,2023-01-21,0,100-110%
914,4595,17.0,Core,254000.0,2021-04-27,2022-04-27,0,100-110%
915,4596,17.0,Core,16700.0,2022-07-20,2023-07-20,0,<90%
916,4602,18.0,Core,16700.0,2021-11-27,2023-11-27,0,90-100%
917,4603,17.0,Pro,1015200.0,2023-11-15,2025-11-14,1,<90%
918,4606,17.0,Enterprise Suite,1494600.0,2022-02-16,2024-02-16,0,100-110%
919,4608,,Core,8900.0,2022-02-16,2024-02-16,0,<90%
920,4609,17.0,Pro,170400.0,2021-09-16,2023-09-16,0,90-100%
921,4614,18.0,Enterprise Suite,982200.0,2021-08-14,2023-08-14,0,90-100%
922,4618,17.0,Core,44300.0,2023-07-19,2025-07-18,1,>110%
923,4621,17.0,Core,280300.0,2021-10-03,2022-10-03,0,>110%
924,4631,17.0,Core,133100.0,2022-07-10,2023-07-10,0,100-110%
925,4634,18.0,Core,4500.0,2022-09-16,2024-09-15,0,90-100%
926,4635,18.0,Core,58500.0,2023-06-26,2025-06-25,1,>110%
927,4636,18.0,Core,122100.0,2023-07-03,2024-07-02,0,100-110%
928,4639,18.0,Pro,110200.0,2021-06-14,2023-06-14,0,>110%
929,4640,18.0,Pro,347100.0,2023-09-19,2024-09-18,0,100-110%
930,4643,17.0,Core,111700.0,2021-05-24,2022-05-24,0,100-110%
931,4649,18.0,Pro,1868900.0,2021-12-27,2022-12-27,0,100-110%
932,4652,17.0,Enterprise Suite,6200.0,2022-06-23,2023-06-23,0,100-110%
933,4656,18.0,Enterprise Suite,1187300.0,2023-10-04,2024-10-03,0,100-110%
934,4659,18.0,Core,46800.0,2023-05-07,2024-05-06,0,100-110%
935,4663,18.0,Core,837400.0,2022-01-11,2023-01-11,0,100-110%
936,4664,18.0,Enterprise Suite,724500.0,2023-10-19,2025-10-18,1,<90%
937,4666,17.0,Core,235200.0,2023-01-30,2025-01-29,0,90-100%
938,4671,,Core,212400.0,2022-03-22,2023-03-22,0,>110%
939,4672,18.0,Pro,1591300.0,2023-08-30,2024-08-29,0,100-110%
940,4674,17.0,Pro,116700.0,2023-03-06,2025-03-05,1,<90%
941,4677,17.0,Pro,76700.0,2023-06-30,2024-06-29,0,100-110%
942,4678,17.0,Pro,633900.0,2023-09-20,2024-09-19,0,100-110%
943,4679,17.0,Pro,802100.0,2022-02-08,2024-02-08,0,>110%
944,4680,18.0,Pro,1250700.0,2021-12-03,2023-12-03,0,>110%
945,4682,,Pro,143900.0,2023-07-14,2024-07-13,0,100-110%
946,4684,,Enterprise Suite,46800.0,2022-10-10,2023-10-10,0,90-100%
947,4689,17.0,Enterprise Suite,201500.0,2021-06-03,2023-06-03,0,<90%
948,4690,18.0,Pro,1477300.0,2021-10-01,2022-10-01,0,90-100%
949,4691,18.0,Enterprise Suite,205300.0,2023-08-29,2024-08-28,0,<90%
950,4692,18.0,Pro,717800.0,2022-07-04,2023-07-04,0,>110%
951,4695,18.0,Pro,20500.0,2022-01-10,2024-01-10,0,90-100%
952,4700,18.0,Core,67100.0,2021-03-20,2023-03-20,0,100-110%
953,4702,17.0,Pro,136500.0,2023-06-12,2024-06-11,0,100-110%
954,4703,17.0,Enterprise Suite,215000.0,2021-11-17,2023-11-17,0,90-100%
955,4706,18.0,Pro,185600.0,2021-03-06,2022-03-06,0,>110%
956,4707,18.0,Pro,73900.0,2023-07-15,2024-07-14,0,100-110%
957,4708,17.0,Pro,73800.0,2021-11-15,2023-11-15,0,90-100%
958,4715,17.0,Pro,412500.0,2022-01-28,2024-01-28,0,90-100%
959,4717,18.0,Enterprise Suite,45200.0,2021-05-12,2022-05-12,0,<90%
960,4718,18.0,Enterprise Suite,21000.0,2023-05-09,2025-05-08,1,90-100%
961,4723,17.0,Enterprise Suite,1503700.0,2023-11-13,2025-11-12,1,<90%
962,4724,18.0,Pro,218800.0,2022-09-08,2024-09-07,0,100-110%
963,4726,18.0,Enterprise Suite,20400.0,2022-12-08,2023-12-08,0,90-100%
964,4727,18.0,Enterprise Suite,980700.0,2022-11-22,2024-11-21,0,>110%
965,4728,18.0,Enterprise Suite,7900.0,2023-11-14,2025-11-13,1,100-110%
966,4729,17.0,Core,868600.0,2023-08-26,2024-08-25,0,100-110%
967,4730,17.0,Enterprise Suite,510700.0,2022-09-08,2024-09-07,0,100-110%
968,4731,17.0,Core,1215400.0,2022-11-21,2024-11-20,0,>110%
969,4734,17.0,Pro,10000.0,2023-11-07,2025-11-06,1,>110%
970,4738,17.0,Enterprise Suite,116800.0,2022-11-30,2023-11-30,0,>110%
971,4741,17.0,Core,76500.0,2021-07-22,2022-07-22,0,<90%
972,4746,17.0,Enterprise Suite,193800.0,2023-06-23,2024-06-22,0,>110%
973,4749,17.0,Core,18500.0,2021-09-29,2023-09-29,0,>110%
974,4750,18.0,Core,1215100.0,2021-06-24,2023-06-24,0,100-110%
975,4751,18.0,Pro,1082900.0,2023-05-01,2024-04-30,0,90-100%
976,4752,17.0,Enterprise Suite,176300.0,2023-11-25,2024-11-24,0,100-110%
977,4753,18.0,Core,168500.0,2023-11-19,2024-11-18,0,100-110%
978,4755,18.0,Core,272600.0,2023-03-23,2024-03-22,0,90-100%
979,4761,18.0,Pro,194600.0,2023-02-25,2024-02-25,0,100-110%
980,4767,18.0,Pro,25600.0,2022-04-07,2023-04-07,0,>110%
981,4771,18.0,Pro,1652500.0,2023-06-24,2025-06-23,1,90-100%
982,4772,17.0,Core,916400.0,2022-06-22,2023-06-22,0,<90%
983,4773,17.0,Enterprise Suite,44800.0,2023-08-06,2024-08-05,0,<90%
984,4781,17.0,Pro,591200.0,2021-09-23,2023-09-23,0,90-100%
985,4786,18.0,Pro,535300.0,2022-06-19,2023-06-19,0,100-110%
986,4793,18.0,Pro,148700.0,2023-03-30,2025-03-29,1,90-100%
987,4794,18.0,Enterprise Suite,542000.0,2022-05-14,2023-05-14,0,90-100%
988,4797,17.0,Core,1501500.0,2021-09-23,2023-09-23,0,>110%
989,4798,18.0,Core,1072200.0,2021-02-04,2023-02-04,0,>110%
990,4803,17.0,Pro,218500.0,2022-02-12,2023-02-12,0,90-100%
991,4804,17.0,Pro,704900.0,2021-08-13,2023-08-13,0,>110%
992,4805,18.0,Pro,1469500.0,2021-08-07,2022-08-07,0,>110%
993,4806,18.0,Core,265700.0,2022-07-14,2024-07-13,0,100-110%
994,4810,18.0,Core,1550100.0,2022-06-09,2024-06-08,0,90-100%
995,4811,17.0,Enterprise Suite,31000.0,2021-06-04,2022-06-04,0,90-100%
996,4812,17.0,Pro,164700.0,2021-11-09,2023-11-09,0,>110%
997,4816,17.0,Core,1043800.0,2023-12-17,2025-12-16,1,90-100%
998,4820,18.0,Pro,89200.0,2022-08-12,2024-08-11,0,90-100%
999,4821,17.0,Enterprise Suite,1302000.0,2023-03-18,2024-03-17,0,100-110%
1000,4823,18.0,Core,35800.0,2021-07-16,2022-07-16,0,>110%
1001,4825,18.0,Pro,110300.0,2023-08-06,2025-08-05,1,>110%
1002,4826,18.0,Core,109900.0,2022-03-12,2024-03-11,0,90-100%
1003,4827,18.0,Core,1644600.0,2023-11-05,2024-11-04,0,>110%
1004,4829,17.0,Core,551300.0,2021-01-06,2023-01-06,0,90-100%
1005,4830,18.0,Pro,36100.0,2023-04-26,2025-04-25,1,100-110%
1006,4831,17.0,Pro,1158500.0,2023-10-25,2024-10-24,0,>110%
1007,4832,,Pro,1630700.0,2023-01-27,2024-01-27,0,>110%
1008,4838,17.0,Pro,1587500.0,2021-04-17,2022-04-17,0,90-100%
1009,4844,17.0,Enterprise Suite,952500.0,2023-12-01,2025-11-30,1,90-100%
1010,4846,18.0,Pro,92200.0,2021-08-26,2022-08-26,0,<90%
1011,4851,17.0,Pro,536600.0,2022-09-13,2023-09-13,0,90-100%
1012,4852,18.0,Enterprise Suite,1133100.0,2023-03-30,2025-03-29,1,90-100%
1013,4853,17.0,Enterprise Suite,1189000.0,2022-11-18,2024-11-17,0,90-100%
1014,4855,18.0,Pro,812200.0,2021-09-13,2023-09-13,0,90-100%
1015,4861,18.0,Core,218400.0,2022-09-11,2024-09-10,0,>110%
1016,4865,18.0,Pro,124200.0,2022-06-14,2024-06-13,0,90-100%
1017,4866,17.0,Core,197300.0,2022-10-08,2024-10-07,0,90-100%
1018,4870,17.0,Pro,809200.0,2023-10-23,2024-10-22,0,<90%
1019,4874,18.0,Core,1034800.0,2023-09-06,2025-09-05,1,<90%
1020,4878,18.0,Core,84200.0,2021-05-15,2023-05-15,0,<90%
1021,4882,17.0,Enterprise Suite,144400.0,2021-12-18,2022-12-18,0,>110%
1022,4887,17.0,Pro,823900.0,2021-04-25,2022-04-25,0,90-100%
1023,4896,17.0,Core,59300.0,2021-01-28,2023-01-28,0,90-100%
1024,4902,18.0,Core,42100.0,2022-10-15,2024-10-14,0,100-110%
1025,4906,17.0,Pro,1797300.0,2022-01-30,2024-01-30,0,100-110%
1026,4913,17.0,Enterprise Suite,77100.0,2023-12-19,2024-12-18,0,90-100%
1027,4914,18.0,Core,179300.0,2022-02-11,2024-02-11,0,>110%
1028,4915,18.0,Core,1463100.0,2021-10-08,2022-10-08,0,<90%
1029,4916,17.0,Core,480700.0,2022-11-25,2023-11-25,0,100-110%
1030,4921,17.0,Pro,243600.0,2021-08-09,2023-08-09,0,>110%
1031,4922,18.0,Pro,185000.0,2021-11-11,2022-11-11,0,>110%
1032,4930,17.0,Enterprise Suite,108400.0,2021-07-21,2023-07-21,0,90-100%
1033,4932,17.0,Pro,120300.0,2023-12-31,2024-12-30,0,>110%
1034,4934,17.0,Pro,1629300.0,2022-04-04,2024-04-03,0,<90%
1035,4939,18.0,Core,28300.0,2021-02-19,2022-02-19,0,90-100%
1036,4940,17.0,Pro,11200.0,2023-03-13,2024-03-12,0,100-110%
1037,4941,18.0,Core,157400.0,2021-06-22,2022-06-22,0,100-110%
1038,4943,18.0,Enterprise Suite,87300.0,2021-12-14,2023-12-14,0,90-100%
1039,4945,18.0,Pro,41900.0,2021-12-03,2023-12-03,0,90-100%
1040,4949,17.0,Core,25600.0,2021-05-09,2023-05-09,0,>110%
1041,4952,18.0,Core,62400.0,2021-05-31,2022-05-31,0,100-110%
1042,4953,18.0,Pro,141700.0,2021-12-16,2022-12-16,0,100-110%
1043,4958,17.0,Core,41000.0,2022-02-08,2023-02-08,0,>110%
1044,4964,17.0,Pro,69200.0,2022-01-04,2024-01-04,0,>110%
1045,4966,17.0,Core,48300.0,2022-08-18,2024-08-17,0,>110%
1046,4971,17.0,Pro,1134400.0,2022-09-05,2023-09-05,0,>110%
1047,4974,17.0,Core,105000.0,2021-08-08,2022-08-08,0,100-110%
1048,4976,17.0,Enterprise Suite,1487800.0,2022-04-28,2024-04-27,0,90-100%
1049,4978,17.0,Core,1745300.0,2021-03-14,2022-03-14,0,90-100%
1050,4980,17.0,Core,38900.0,2022-08-20,2024-08-19,0,>110%
1051,4984,18.0,Pro,1344100.0,2023-10-11,2024-10-10,0,>110%
1052,4985,17.0,Pro,22400.0,2021-11-25,2023-11-25,0,100-110%
1053,4986,18.0,Core,280900.0,2022-07-20,2024-07-19,0,>110%
1054,4989,17.0,Core,1632400.0,2023-06-25,2025-06-24,1,90-100%
1055,4996,18.0,Pro,44700.0,2023-03-07,2024-03-06,0,90-100%
