opportunity_id,account_id,rep_id,stage,arr_potential,created_date,close_date,win_flag
1,3,3,Demo,34500.0,2024-11-03,2025-03-20,
2,3,3,Prospecting,33500.0,2023-10-30,2024-04-11,
3,4,4,Closed Lost,13200.0,2023-05-04,2023-06-07,0.0
4,10,2,Prospecting,6100.0,2024-12-31,2025-02-21,
5,10,2,Qualified,7100.0,2024-03-12,2024-08-05,
6,10,2,Proposal,7100.0,2024-03-27,2024-05-27,
7,19,1,Negotiation,3100.0,2024-04-11,2024-07-10,
8,22,1,Closed Lost,69700.0,2023-04-18,2023-06-22,0.0
9,27,5,Demo,8200.0,2024-10-11,2025-04-08,
10,27,5,Demo,5300.0,2024-09-27,2025-02-19,
11,27,5,Prospecting,7800.0,2024-06-11,2024-08-22,
12,32,6,Qualified,214500.0,2023-05-01,2023-10-28,
13,40,3,Closed Lost,357200.0,2024-06-07,2024-09-22,0.0
14,46,1,Closed Lost,17400.0,2023-01-31,2023-04-05,0.0
15,48,4,Qualified,2300.0,2023-10-20,2024-02-05,
16,53,3,Demo,7500.0,2024-02-04,2024-04-07,
17,53,3,Negotiation,7700.0,2024-03-15,2024-05-13,
18,53,3,Prospecting,5000.0,2024-08-06,2024-09-22,
19,59,1,Qualified,4900.0,2024-08-03,2024-09-27,
20,59,1,Demo,5400.0,2024-11-08,2025-04-20,
21,69,1,Proposal,208500.0,2023-04-29,2023-09-18,
22,70,5,Qualified,147200.0,2023-06-24,2023-08-26,
23,70,5,Closed Lost,118900.0,2024-09-09,2024-11-20,0.0
24,73,3,Proposal,4600.0,2023-06-25,2023-09-07,
25,74,3,Prospecting,6800.0,2024-09-15,2024-10-31,
26,82,1,Demo,1400.0,2024-03-17,2024-05-09,
27,82,1,Prospecting,1800.0,2024-10-14,2025-03-18,
28,85,6,Qualified,35600.0,2024-01-21,2024-06-19,
29,87,6,Demo,6200.0,2024-10-28,2025-02-24,
30,90,3,Prospecting,167900.0,2023-01-26,2023-06-28,
31,92,5,Demo,146300.0,2023-10-21,2023-12-13,
32,101,5,Proposal,5200.0,2023-12-22,2024-03-07,
33,103,5,Prospecting,69600.0,2023-01-01,2023-03-27,
34,113,2,Closed Lost,378200.0,2023-08-18,2024-02-11,0.0
35,114,2,Closed Lost,23200.0,2024-08-04,2024-10-16,0.0
36,122,2,Closed Won,90500.0,2024-01-06,2024-04-05,1.0
37,123,5,Closed Won,11400.0,2024-05-14,2024-11-07,1.0
38,123,5,Demo,9200.0,2024-05-26,2024-09-14,
39,123,5,Prospecting,13200.0,2023-05-10,2023-09-23,
40,127,4,Closed Lost,3300.0,2024-02-04,2024-05-07,0.0
41,128,1,Demo,153200.0,2023-05-23,2023-10-27,
42,129,3,Qualified,48200.0,2023-09-19,2024-03-16,
43,130,6,Qualified,22600.0,2023-04-05,2023-05-19,
44,137,3,Prospecting,9000.0,2024-03-02,2024-06-23,
45,137,3,Prospecting,4500.0,2023-07-21,2023-12-30,
46,140,3,Proposal,291400.0,2023-05-04,2023-09-12,
47,140,3,Demo,175700.0,2024-06-23,2024-08-05,
48,142,4,Demo,30500.0,2024-03-14,2024-08-10,
49,144,3,Proposal,4100.0,2023-02-03,2023-06-08,
50,145,1,Negotiation,8800.0,2023-09-26,2023-11-10,
51,148,4,Prospecting,31100.0,2023-12-26,2024-04-11,
52,149,1,Qualified,1400.0,2023-06-09,2023-12-02,
53,151,6,Closed Won,94600.0,2023-11-17,2024-02-08,1.0
54,151,6,Prospecting,62400.0,2023-02-28,2023-04-22,
55,157,1,Prospecting,1200.0,2024-05-25,2024-09-09,
56,160,5,Demo,9800.0,2024-08-31,2024-10-01,
57,160,5,Prospecting,7500.0,2023-12-27,2024-02-16,
58,161,2,Qualified,75000.0,2023-07-11,2023-09-16,
59,161,2,Prospecting,47500.0,2024-10-30,2025-01-06,
60,161,2,Qualified,81900.0,2024-11-14,2025-04-10,
61,163,2,Prospecting,9000.0,2024-08-30,2024-10-21,
62,164,3,Prospecting,40500.0,2023-01-25,2023-03-06,
63,164,3,Prospecting,29400.0,2023-06-01,2023-10-23,
64,164,3,Proposal,46600.0,2024-05-18,2024-10-30,
65,165,1,Prospecting,20600.0,2023-11-05,2024-01-28,
66,166,5,Prospecting,17000.0,2023-11-18,2024-05-03,
67,170,6,Proposal,1000.0,2023-10-05,2023-12-12,
68,171,4,Proposal,7400.0,2023-12-01,2024-05-21,
69,173,5,Demo,26200.0,2024-10-28,2024-11-29,
70,174,3,Prospecting,4400.0,2023-01-26,2023-06-01,
71,179,4,Negotiation,11900.0,2023-04-23,2023-08-28,
72,179,4,Negotiation,14300.0,2023-01-17,2023-02-16,
73,179,4,Demo,12900.0,2024-03-22,2024-09-13,
74,184,1,Prospecting,5300.0,2023-04-28,2023-09-21,
75,185,2,Demo,700.0,2023-01-27,2023-05-20,
76,187,2,Closed Lost,3700.0,2024-04-19,2024-07-24,0.0
77,187,2,Prospecting,4000.0,2023-08-28,2023-11-05,
78,190,2,Demo,29500.0,2024-08-18,2024-10-28,
79,191,3,Qualified,29100.0,2024-04-26,2024-06-10,
80,194,4,Qualified,12100.0,2023-11-18,2023-12-23,
81,199,4,Negotiation,4900.0,2024-10-01,2024-12-10,
82,201,3,Prospecting,20700.0,2024-10-28,2025-02-08,
83,201,3,Demo,44900.0,2024-06-25,2024-07-29,
84,202,4,Qualified,44800.0,2024-07-26,2024-12-18,
85,204,3,Demo,1900.0,2023-02-09,2023-07-02,
86,205,5,Closed Lost,34800.0,2024-09-10,2024-11-23,0.0
87,207,5,Qualified,17300.0,2024-01-25,2024-06-21,
88,207,5,Prospecting,17500.0,2024-10-20,2025-04-10,
89,209,6,Demo,181600.0,2024-11-28,2025-04-12,
90,211,3,Demo,9200.0,2023-11-04,2023-12-27,
91,211,3,Demo,10000.0,2024-05-08,2024-06-17,
92,215,3,Closed Won,4300.0,2024-01-23,2024-02-29,1.0
93,218,5,Prospecting,3600.0,2023-07-10,2023-08-30,
94,220,3,Qualified,30400.0,2023-12-31,2024-03-28,
95,222,5,Demo,88700.0,2024-06-02,2024-09-10,
96,222,5,Prospecting,140400.0,2024-07-21,2024-11-30,
97,222,5,Prospecting,112800.0,2024-01-10,2024-02-15,
98,224,3,Qualified,14200.0,2023-06-13,2023-10-11,
99,224,3,Demo,9000.0,2023-05-31,2023-09-02,
100,226,2,Demo,5700.0,2023-02-13,2023-05-05,
101,226,2,Closed Lost,10300.0,2024-11-28,2025-04-19,0.0
102,226,2,Qualified,5600.0,2023-06-20,2023-10-28,
103,228,6,Negotiation,183300.0,2023-09-15,2023-12-15,
104,231,4,Qualified,18000.0,2023-06-08,2023-10-19,
105,231,4,Demo,16200.0,2024-09-03,2024-12-26,
106,231,4,Negotiation,16800.0,2024-08-24,2024-10-10,
107,235,4,Proposal,139900.0,2023-01-20,2023-02-24,
108,236,2,Prospecting,2200.0,2024-07-04,2024-12-22,
109,236,2,Demo,1600.0,2023-07-21,2023-10-28,
110,239,5,Demo,1100.0,2023-12-17,2024-03-21,
111,242,3,Closed Lost,6400.0,2024-02-09,2024-07-15,0.0
112,242,3,Closed Lost,7800.0,2024-10-10,2025-03-24,0.0
113,245,4,Negotiation,13900.0,2024-02-21,2024-04-21,
114,247,3,Closed Lost,14700.0,2024-05-08,2024-09-12,0.0
115,256,6,Qualified,11800.0,2024-04-28,2024-08-18,
116,256,6,Proposal,16900.0,2023-08-31,2024-02-08,
117,260,6,Prospecting,21100.0,2023-11-21,2024-02-26,
118,265,5,Qualified,20700.0,2023-03-27,2023-09-04,
119,267,5,Proposal,255900.0,2024-03-11,2024-05-20,
120,271,5,Closed Lost,3400.0,2024-07-09,2024-12-25,0.0
121,271,5,Qualified,3200.0,2024-03-22,2024-06-20,
122,279,6,Proposal,28000.0,2023-09-29,2023-11-03,
123,292,2,Qualified,201700.0,2023-07-19,2023-09-17,
124,293,5,Demo,219700.0,2024-10-06,2025-01-03,
125,295,2,Prospecting,2400.0,2024-01-05,2024-03-19,
126,297,6,Negotiation,6200.0,2024-09-03,2024-10-26,
127,299,2,Demo,171500.0,2023-09-07,2023-12-22,
128,301,2,Proposal,277100.0,2023-10-27,2024-04-01,
129,304,5,Qualified,3500.0,2024-02-11,2024-04-19,
130,304,5,Closed Lost,3300.0,2023-12-15,2024-06-10,0.0
131,304,5,Proposal,1800.0,2023-08-18,2024-01-17,
132,305,5,Qualified,172000.0,2023-06-23,2023-08-22,
133,307,2,Demo,23100.0,2023-10-18,2023-11-28,
134,308,6,Demo,183600.0,2023-12-23,2024-06-11,
135,309,3,Demo,2100.0,2023-03-14,2023-08-08,
136,312,5,Proposal,2500.0,2024-03-23,2024-08-07,
137,315,3,Closed Lost,28400.0,2023-12-31,2024-04-06,0.0
138,316,3,Prospecting,3200.0,2023-04-10,2023-06-17,
139,318,6,Demo,20800.0,2023-11-22,2024-03-22,
140,320,2,Demo,225400.0,2023-06-25,2023-07-25,
141,323,3,Proposal,25600.0,2024-06-06,2024-11-19,
142,324,6,Qualified,4000.0,2023-06-18,2023-09-22,
143,329,5,Prospecting,16800.0,2024-08-23,2024-10-08,
144,331,2,Qualified,4000.0,2023-10-27,2024-01-28,
145,331,2,Closed Lost,4300.0,2024-07-09,2024-09-18,0.0
146,334,3,Closed Won,236500.0,2023-02-17,2023-07-01,1.0
147,337,5,Demo,3900.0,2023-04-14,2023-10-03,
148,341,6,Demo,13900.0,2024-05-16,2024-08-31,
149,341,6,Qualified,19800.0,2024-02-15,2024-04-09,
150,341,6,Proposal,14100.0,2024-11-26,2025-02-13,
151,344,3,Proposal,1900.0,2024-12-16,2025-05-15,
152,344,3,Proposal,1300.0,2024-10-14,2024-11-29,
153,345,6,Demo,1300.0,2024-08-17,2025-02-02,
154,353,5,Qualified,170400.0,2024-12-14,2025-03-23,
155,354,2,Demo,30400.0,2023-12-08,2024-03-30,
156,361,6,Proposal,24100.0,2023-11-13,2024-03-23,
157,361,6,Closed Lost,20700.0,2024-08-27,2024-12-14,0.0
158,361,6,Proposal,30400.0,2024-10-31,2025-02-17,
159,363,6,Negotiation,131300.0,2023-12-12,2024-03-31,
160,364,2,Prospecting,1500.0,2023-02-04,2023-04-21,
161,366,6,Closed Won,1000.0,2023-11-18,2024-03-24,1.0
162,366,6,Prospecting,1100.0,2023-11-10,2024-01-08,
163,370,5,Proposal,172100.0,2023-12-14,2024-05-29,
164,370,5,Prospecting,138200.0,2024-08-20,2024-12-29,
165,371,6,Prospecting,6400.0,2023-08-08,2023-10-09,
166,371,6,Qualified,3700.0,2024-08-24,2024-12-15,
167,373,2,Qualified,2200.0,2024-09-30,2025-03-25,
168,377,5,Closed Lost,22500.0,2024-09-01,2025-01-05,0.0
169,379,5,Demo,21700.0,2024-02-20,2024-08-10,
170,379,5,Prospecting,28700.0,2024-03-22,2024-08-04,
171,379,5,Prospecting,29400.0,2024-02-27,2024-06-03,
172,381,6,Proposal,37000.0,2024-05-26,2024-10-28,
173,381,6,Demo,53300.0,2023-01-26,2023-03-04,
174,383,3,Prospecting,29100.0,2023-04-17,2023-07-12,
175,385,3,Qualified,62600.0,2024-02-01,2024-06-04,
176,386,5,Proposal,5300.0,2023-11-07,2024-01-23,
177,387,6,Demo,4100.0,2023-04-05,2023-07-29,
178,389,3,Prospecting,4100.0,2023-10-08,2024-02-23,
179,389,3,Prospecting,4000.0,2023-02-18,2023-05-03,
180,389,3,Qualified,7400.0,2024-08-25,2025-01-17,
181,393,5,Qualified,4400.0,2023-10-20,2023-12-06,
182,393,5,Qualified,9500.0,2024-10-15,2024-12-29,
183,394,2,Negotiation,196500.0,2023-05-02,2023-10-07,
184,394,2,Demo,355400.0,2024-01-12,2024-06-22,
185,394,2,Proposal,352400.0,2023-08-11,2023-09-11,
186,395,5,Closed Lost,2600.0,2024-07-14,2024-12-23,0.0
187,398,2,Demo,8000.0,2023-03-18,2023-09-11,
188,400,3,Closed Lost,1600.0,2024-04-30,2024-06-02,0.0
189,400,3,Closed Lost,1900.0,2023-05-17,2023-07-20,0.0
190,401,2,Prospecting,1600.0,2024-08-31,2025-01-16,
191,403,3,Proposal,271400.0,2023-07-01,2023-09-27,
192,406,5,Proposal,88500.0,2024-05-06,2024-11-02,
193,413,5,Qualified,21300.0,2024-01-29,2024-04-11,
194,413,5,Prospecting,18100.0,2024-05-09,2024-10-17,
195,416,5,Qualified,20800.0,2024-11-13,2025-02-15,
196,419,3,Qualified,237400.0,2023-04-09,2023-08-26,
197,419,3,Proposal,180900.0,2024-02-16,2024-05-29,
198,420,6,Prospecting,241700.0,2023-04-10,2023-05-29,
199,421,6,Qualified,277300.0,2023-06-20,2023-11-11,
200,421,6,Proposal,296600.0,2024-03-08,2024-08-10,
201,423,3,Proposal,18400.0,2023-11-30,2024-04-09,
202,424,3,Demo,3900.0,2023-11-17,2024-01-28,
203,429,5,Closed Won,81300.0,2024-11-14,2025-01-01,1.0
204,433,5,Demo,5500.0,2023-01-24,2023-03-12,
205,435,5,Proposal,10300.0,2024-07-29,2024-11-20,
206,436,5,Qualified,286400.0,2024-03-22,2024-06-18,
207,436,5,Qualified,368800.0,2024-03-24,2024-05-30,
208,436,5,Negotiation,365800.0,2024-10-15,2025-02-06,
209,440,3,Demo,7600.0,2024-10-30,2024-12-25,
210,440,3,Qualified,6500.0,2024-05-11,2024-09-19,
211,442,6,Qualified,2600.0,2023-08-21,2023-11-03,
212,444,5,Negotiation,1800.0,2023-03-08,2023-04-20,
213,446,6,Qualified,2800.0,2023-04-05,2023-06-29,
214,447,5,Prospecting,249300.0,2023-11-15,2024-03-06,
215,448,6,Demo,23400.0,2023-08-21,2024-01-26,
216,450,3,Qualified,4100.0,2024-09-04,2025-03-01,
217,454,3,Qualified,27200.0,2023-04-25,2023-06-09,
218,454,3,Demo,13200.0,2023-02-06,2023-07-09,
219,458,5,Qualified,7600.0,2024-10-25,2024-12-29,
220,470,5,Negotiation,169600.0,2023-02-04,2023-04-27,
221,475,6,Negotiation,4300.0,2023-10-21,2024-04-13,
222,476,5,Demo,64500.0,2023-01-18,2023-07-07,
223,488,3,Prospecting,7700.0,2024-01-31,2024-04-24,
224,490,3,Prospecting,241700.0,2023-09-19,2023-10-19,
225,492,6,Prospecting,1000.0,2023-03-17,2023-05-15,
226,501,6,Prospecting,23500.0,2024-07-31,2024-11-13,
227,502,6,Closed Won,22600.0,2024-11-28,2025-02-26,1.0
228,503,5,Demo,32000.0,2024-12-27,2025-02-16,
229,505,6,Demo,20200.0,2023-02-10,2023-07-30,
230,505,6,Qualified,38600.0,2024-10-06,2025-01-23,
231,506,3,Prospecting,2200.0,2023-03-03,2023-04-27,
232,506,3,Qualified,3600.0,2023-07-01,2023-08-04,
233,508,5,Closed Lost,72800.0,2023-12-12,2024-03-22,0.0
234,508,5,Qualified,67500.0,2023-01-25,2023-07-24,
235,510,6,Qualified,388800.0,2024-07-29,2024-09-08,
236,510,6,Qualified,180000.0,2024-12-18,2025-04-26,
237,510,6,Closed Lost,251300.0,2023-04-22,2023-05-25,0.0
238,512,3,Proposal,15300.0,2023-10-08,2023-11-30,
239,512,3,Closed Lost,6600.0,2023-11-08,2024-02-03,0.0
240,515,5,Demo,22700.0,2023-02-17,2023-06-29,
241,521,3,Qualified,48800.0,2024-07-15,2024-10-02,
242,521,3,Demo,41900.0,2024-12-07,2025-03-22,
243,526,3,Negotiation,118800.0,2023-02-15,2023-07-12,
244,533,6,Negotiation,3300.0,2024-08-03,2025-01-04,
245,534,3,Prospecting,193200.0,2024-04-26,2024-09-12,
246,534,3,Demo,269600.0,2024-03-20,2024-05-08,
247,535,5,Prospecting,137700.0,2024-11-21,2025-01-22,
248,536,5,Qualified,3300.0,2023-05-15,2023-09-13,
249,536,5,Demo,3000.0,2023-06-16,2023-11-26,
250,537,3,Demo,19800.0,2024-11-13,2025-01-02,
251,540,6,Negotiation,47000.0,2024-06-10,2024-07-28,
252,543,6,Proposal,9200.0,2023-05-01,2023-08-13,
253,544,3,Negotiation,2600.0,2023-10-05,2023-12-21,
254,550,3,Closed Lost,22200.0,2024-05-02,2024-09-12,0.0
255,551,6,Qualified,258600.0,2024-03-11,2024-08-10,
256,552,6,Proposal,24300.0,2024-06-07,2024-09-12,
257,552,6,Prospecting,28700.0,2024-06-24,2024-08-26,
258,554,3,Qualified,180900.0,2024-07-16,2024-08-26,
259,554,3,Prospecting,155700.0,2023-11-09,2024-01-10,
260,555,6,Negotiation,199700.0,2024-02-02,2024-07-08,
261,555,6,Closed Lost,103900.0,2023-08-10,2023-09-13,0.0
262,557,6,Qualified,34400.0,2024-07-26,2024-11-20,
263,557,6,Prospecting,31800.0,2024-01-19,2024-06-14,
264,558,3,Demo,284100.0,2023-04-13,2023-06-27,
265,558,3,Closed Won,278000.0,2023-08-03,2023-11-24,1.0
266,559,6,Demo,10700.0,2024-10-04,2025-03-07,
267,561,3,Prospecting,2400.0,2024-03-31,2024-08-23,
268,561,3,Prospecting,4900.0,2024-09-04,2025-01-19,
269,568,6,Closed Lost,3100.0,2023-08-03,2023-11-30,0.0
270,570,3,Closed Lost,4200.0,2023-08-16,2023-12-19,0.0
271,574,6,Qualified,4900.0,2024-09-29,2024-11-20,
272,574,6,Proposal,4000.0,2024-02-24,2024-04-05,
273,601,7,Prospecting,256600.0,2024-12-22,2025-03-13,
274,605,10,Closed Won,36400.0,2023-08-12,2023-10-03,1.0
275,606,7,Prospecting,283900.0,2023-04-16,2023-07-30,
276,606,7,Demo,233600.0,2023-07-02,2023-12-24,
277,612,7,Prospecting,3600.0,2023-02-24,2023-06-22,
278,612,7,Proposal,4200.0,2024-01-21,2024-06-19,
279,618,9,Negotiation,20200.0,2023-09-02,2023-12-20,
280,623,8,Prospecting,17700.0,2024-01-09,2024-02-19,
281,627,8,Qualified,167400.0,2023-10-18,2023-12-04,
282,627,8,Qualified,206900.0,2024-11-03,2025-03-05,
283,629,10,Qualified,163900.0,2024-10-30,2025-01-06,
284,629,10,Closed Lost,248500.0,2023-06-16,2023-09-23,0.0
285,631,9,Closed Lost,8000.0,2023-01-04,2023-03-31,0.0
286,639,8,Qualified,3200.0,2023-10-22,2024-02-05,
287,640,10,Negotiation,220700.0,2023-06-09,2023-10-31,
288,642,8,Qualified,89200.0,2024-11-30,2025-03-25,
289,643,7,Proposal,3100.0,2024-08-08,2024-10-23,
290,645,8,Prospecting,6100.0,2024-09-03,2024-12-25,
291,645,8,Proposal,7000.0,2023-12-26,2024-04-13,
292,645,8,Closed Won,4000.0,2023-12-22,2024-02-16,1.0
293,646,9,Closed Lost,163700.0,2023-03-04,2023-08-10,0.0
294,649,8,Proposal,6900.0,2023-08-01,2023-11-14,
295,650,8,Prospecting,47800.0,2023-09-18,2023-12-02,
296,650,8,Closed Lost,68000.0,2024-10-08,2025-02-09,0.0
297,652,8,Closed Lost,30700.0,2024-12-05,2025-02-18,0.0
298,652,8,Prospecting,30900.0,2024-02-21,2024-04-25,
299,652,8,Qualified,32100.0,2023-11-12,2024-05-04,
300,653,7,Prospecting,20700.0,2023-05-02,2023-06-13,
301,653,7,Closed Won,42400.0,2024-11-12,2025-02-04,1.0
302,656,10,Qualified,169100.0,2024-08-10,2025-02-06,
303,656,10,Prospecting,123500.0,2024-05-10,2024-09-03,
304,672,9,Proposal,28200.0,2024-05-14,2024-08-11,
305,673,10,Closed Lost,254600.0,2023-12-05,2024-03-17,0.0
306,673,10,Proposal,134100.0,2024-11-02,2025-02-17,
307,673,10,Prospecting,186500.0,2024-02-17,2024-08-13,
308,674,9,Qualified,142900.0,2023-04-30,2023-07-23,
309,677,10,Closed Lost,5100.0,2023-11-26,2024-01-19,0.0
310,678,8,Closed Lost,6000.0,2024-04-13,2024-06-26,0.0
311,681,7,Qualified,3400.0,2024-11-13,2025-05-07,
312,682,7,Closed Lost,68700.0,2024-06-14,2024-10-26,0.0
313,685,7,Prospecting,3900.0,2023-05-03,2023-10-20,
314,688,7,Closed Lost,3900.0,2023-10-20,2024-01-19,0.0
315,688,7,Proposal,5400.0,2024-01-08,2024-03-10,
316,692,10,Closed Won,13500.0,2024-04-08,2024-08-11,1.0
317,693,7,Qualified,2300.0,2023-08-02,2023-10-11,
318,695,7,Prospecting,3900.0,2024-01-06,2024-02-07,
319,696,9,Prospecting,14900.0,2024-06-18,2024-10-26,
320,699,8,Proposal,103800.0,2024-08-24,2024-11-09,
321,702,9,Closed Won,700.0,2024-02-08,2024-06-01,1.0
322,704,9,Negotiation,83600.0,2024-01-01,2024-05-17,
323,705,10,Demo,232800.0,2023-07-19,2024-01-03,
324,706,9,Prospecting,6300.0,2024-06-15,2024-08-13,
325,707,8,Qualified,28500.0,2023-06-13,2023-07-14,
326,724,9,Qualified,169300.0,2024-08-04,2024-12-20,
327,725,8,Proposal,4100.0,2023-02-26,2023-07-13,
328,725,8,Closed Won,2100.0,2023-03-05,2023-04-06,1.0
329,726,7,Qualified,370600.0,2023-08-15,2023-10-03,
330,730,9,Prospecting,4200.0,2023-03-24,2023-05-22,
331,730,9,Prospecting,5900.0,2023-01-10,2023-03-22,
332,730,9,Prospecting,4500.0,2023-01-23,2023-02-23,
333,732,9,Prospecting,32000.0,2024-04-23,2024-07-05,
334,732,9,Negotiation,24200.0,2023-01-01,2023-06-14,
335,737,8,Qualified,190700.0,2024-03-31,2024-09-05,
336,737,8,Demo,118700.0,2024-07-31,2024-11-23,
337,739,10,Prospecting,34200.0,2023-12-10,2024-05-08,
338,739,10,Demo,17900.0,2023-07-07,2023-11-11,
339,740,10,Closed Lost,31900.0,2023-11-24,2024-03-19,0.0
340,740,10,Prospecting,45800.0,2023-09-24,2023-12-18,
341,740,10,Demo,34700.0,2023-09-09,2023-11-17,
342,744,7,Closed Won,15300.0,2024-06-10,2024-09-27,1.0
343,744,7,Prospecting,16000.0,2024-08-26,2025-02-03,
344,744,7,Prospecting,8300.0,2023-04-04,2023-09-03,
345,750,7,Prospecting,20400.0,2024-01-06,2024-03-15,
346,750,7,Demo,25500.0,2023-11-13,2024-02-22,
347,751,9,Proposal,11400.0,2024-05-31,2024-11-11,
348,761,10,Qualified,114800.0,2024-03-04,2024-04-15,
349,762,7,Proposal,93100.0,2024-05-23,2024-07-25,
350,762,7,Proposal,61600.0,2024-06-26,2024-08-27,
351,763,8,Demo,88300.0,2024-01-14,2024-03-17,
352,766,10,Proposal,263900.0,2024-10-11,2024-11-10,
353,767,9,Closed Lost,54800.0,2023-05-13,2023-08-10,0.0
354,767,9,Qualified,77800.0,2023-02-04,2023-07-01,
355,771,10,Proposal,26700.0,2024-07-13,2024-09-14,
356,776,8,Qualified,106200.0,2024-04-04,2024-05-22,
357,776,8,Closed Won,84000.0,2023-06-17,2023-07-27,1.0
358,779,8,Prospecting,5600.0,2024-03-04,2024-06-09,
359,779,8,Negotiation,2500.0,2024-11-16,2025-05-03,
360,780,10,Prospecting,21400.0,2024-11-17,2025-05-11,
361,782,8,Qualified,1500.0,2023-06-03,2023-07-17,
362,783,8,Qualified,25500.0,2024-04-12,2024-08-20,
363,783,8,Qualified,24500.0,2023-04-28,2023-06-07,
364,787,10,Qualified,92000.0,2024-04-15,2024-08-23,
365,792,7,Qualified,800.0,2023-02-12,2023-07-02,
366,794,7,Demo,20400.0,2024-06-22,2024-09-17,
367,794,7,Demo,21100.0,2023-06-13,2023-09-28,
368,796,10,Qualified,7500.0,2023-01-08,2023-03-13,
369,797,8,Prospecting,2000.0,2023-08-02,2023-11-05,
370,797,8,Closed Lost,2500.0,2024-12-23,2025-02-26,0.0
371,797,8,Proposal,1700.0,2023-03-01,2023-08-20,
372,800,10,Demo,1900.0,2023-10-06,2024-03-15,
373,800,10,Proposal,1900.0,2023-02-03,2023-07-19,
374,806,7,Prospecting,44400.0,2024-03-26,2024-08-07,
375,807,8,Proposal,154800.0,2024-10-28,2024-12-18,
376,807,8,Qualified,108600.0,2024-07-17,2024-11-21,
377,808,10,Proposal,151400.0,2024-08-11,2024-10-14,
378,810,10,Closed Won,57500.0,2024-03-24,2024-06-09,1.0
379,811,8,Qualified,1800.0,2023-05-11,2023-08-11,
380,818,10,Negotiation,8100.0,2024-04-19,2024-08-20,
381,820,7,Qualified,21000.0,2024-04-05,2024-07-12,
382,825,7,Qualified,11000.0,2024-02-12,2024-07-07,
383,835,8,Qualified,102900.0,2024-01-06,2024-04-06,
384,837,10,Qualified,1000.0,2024-07-19,2024-12-24,
385,840,8,Prospecting,4200.0,2024-02-05,2024-04-07,
386,840,8,Prospecting,5600.0,2024-07-25,2024-11-26,
387,840,8,Demo,6600.0,2023-02-12,2023-03-16,
388,844,10,Prospecting,30100.0,2023-09-09,2024-01-04,
389,845,10,Demo,80700.0,2024-03-18,2024-07-21,
390,845,10,Prospecting,115300.0,2023-07-11,2023-12-02,
391,846,8,Prospecting,3800.0,2024-01-15,2024-04-24,
392,849,7,Prospecting,3600.0,2023-09-29,2024-01-10,
393,850,8,Prospecting,20800.0,2023-11-08,2024-01-27,
394,853,7,Prospecting,195100.0,2023-07-05,2023-10-22,
395,855,8,Prospecting,42400.0,2023-10-09,2024-03-04,
396,855,8,Prospecting,34200.0,2024-07-06,2024-08-09,
397,860,8,Prospecting,7000.0,2024-09-20,2024-11-19,
398,861,8,Qualified,21000.0,2024-02-25,2024-08-15,
399,861,8,Negotiation,33700.0,2024-03-09,2024-07-09,
400,861,8,Qualified,40100.0,2023-09-12,2023-11-26,
401,864,10,Prospecting,44900.0,2024-01-17,2024-06-22,
402,864,10,Closed Won,61700.0,2024-06-20,2024-08-30,1.0
403,868,10,Prospecting,179700.0,2024-01-02,2024-03-09,
404,871,10,Prospecting,148400.0,2024-07-22,2024-10-08,
405,873,8,Closed Lost,1200.0,2024-10-12,2024-11-22,0.0
406,874,8,Closed Lost,1400.0,2023-01-27,2023-06-18,0.0
407,876,10,Prospecting,6000.0,2024-08-24,2024-10-04,
408,880,8,Proposal,31100.0,2023-11-27,2024-04-23,
409,882,8,Prospecting,14100.0,2024-12-04,2025-03-21,
410,885,8,Demo,95900.0,2024-09-04,2024-10-26,
411,887,10,Demo,9500.0,2023-09-11,2024-01-15,
412,888,7,Closed Lost,146100.0,2024-03-22,2024-06-05,0.0
413,888,7,Demo,273400.0,2024-06-29,2024-09-14,
414,890,8,Closed Lost,188000.0,2024-02-26,2024-06-30,0.0
415,893,8,Prospecting,206500.0,2023-05-21,2023-08-02,
416,895,8,Demo,15700.0,2023-09-06,2024-02-16,
417,896,8,Negotiation,13200.0,2024-11-19,2025-02-13,
418,896,8,Qualified,11200.0,2024-11-17,2025-02-13,
419,897,7,Prospecting,90300.0,2024-09-13,2025-01-22,
420,899,7,Negotiation,17600.0,2024-04-09,2024-09-13,
421,901,8,Prospecting,14800.0,2023-10-23,2024-02-27,
422,901,8,Prospecting,16700.0,2024-12-21,2025-02-20,
423,908,8,Demo,5000.0,2024-07-16,2025-01-05,
424,908,8,Closed Lost,6800.0,2024-10-02,2024-11-23,0.0
425,908,8,Closed Lost,8300.0,2023-02-18,2023-07-09,0.0
426,911,10,Qualified,19000.0,2023-10-15,2024-01-04,
427,912,10,Closed Lost,6700.0,2023-10-15,2024-01-08,0.0
428,913,10,Prospecting,2700.0,2023-05-18,2023-10-25,
429,916,8,Closed Lost,325700.0,2024-06-18,2024-12-08,0.0
430,927,7,Prospecting,49700.0,2023-01-31,2023-06-13,
431,927,7,Prospecting,77300.0,2023-10-10,2024-02-03,
432,927,7,Prospecting,91400.0,2024-10-05,2025-02-11,
433,931,7,Prospecting,15900.0,2023-07-05,2023-12-18,
434,934,7,Demo,128300.0,2023-11-27,2023-12-28,
435,934,7,Closed Lost,188100.0,2023-09-29,2024-03-20,0.0
436,939,7,Prospecting,4400.0,2024-06-09,2024-07-27,
437,941,8,Proposal,8800.0,2024-11-13,2025-02-24,
438,945,7,Negotiation,13100.0,2024-02-28,2024-06-07,
439,946,8,Closed Lost,23700.0,2023-02-07,2023-04-22,0.0
440,947,10,Prospecting,18800.0,2023-07-14,2023-10-20,
441,951,7,Demo,14400.0,2023-05-26,2023-06-29,
442,953,8,Qualified,23800.0,2023-04-12,2023-08-02,
443,953,8,Prospecting,30100.0,2024-01-21,2024-04-07,
444,953,8,Prospecting,17100.0,2024-10-06,2024-12-10,
445,957,7,Prospecting,25100.0,2023-01-03,2023-06-09,
446,957,7,Prospecting,13300.0,2023-02-15,2023-04-08,
447,958,10,Closed Lost,6100.0,2023-08-15,2024-01-02,0.0
448,963,10,Prospecting,3200.0,2023-11-09,2024-04-08,
449,963,10,Closed Won,3400.0,2024-02-12,2024-07-16,1.0
450,963,10,Prospecting,5000.0,2023-04-29,2023-07-15,
451,965,8,Closed Lost,2300.0,2023-03-07,2023-08-31,0.0
452,965,8,Demo,2100.0,2023-10-02,2024-03-01,
453,965,8,Negotiation,3100.0,2023-06-09,2023-09-07,
454,971,7,Demo,6300.0,2024-12-31,2025-02-22,
455,973,7,Proposal,7100.0,2023-07-16,2023-12-24,
456,975,7,Prospecting,202800.0,2024-01-28,2024-03-09,
457,976,7,Demo,148200.0,2023-01-06,2023-05-05,
458,986,10,Qualified,23900.0,2023-12-25,2024-06-15,
459,991,7,Closed Lost,20800.0,2024-02-08,2024-07-02,0.0
460,992,8,Closed Won,229700.0,2024-01-17,2024-05-24,1.0
461,992,8,Qualified,209500.0,2023-03-14,2023-04-21,
462,993,8,Proposal,5700.0,2024-06-25,2024-10-13,
463,994,10,Demo,32700.0,2024-11-07,2025-02-14,
464,994,10,Qualified,19800.0,2023-07-11,2023-12-06,
465,997,8,Qualified,136100.0,2023-03-28,2023-06-23,
466,997,8,Demo,263300.0,2023-12-09,2024-04-11,
467,999,10,Demo,230900.0,2024-12-25,2025-03-06,
468,1001,8,Closed Won,3300.0,2023-04-20,2023-06-09,1.0
469,1009,7,Qualified,2600.0,2023-12-03,2024-03-14,
470,1011,8,Closed Won,365600.0,2024-04-16,2024-07-22,1.0
471,1012,10,Negotiation,30400.0,2024-03-17,2024-06-20,
472,1013,8,Closed Lost,15400.0,2024-10-10,2025-04-03,0.0
473,1018,10,Qualified,3500.0,2023-05-20,2023-08-24,
474,1018,10,Demo,2900.0,2023-05-11,2023-08-06,
475,1019,8,Prospecting,26500.0,2024-03-25,2024-09-14,
476,1022,8,Closed Lost,10500.0,2024-04-26,2024-07-20,0.0
477,1022,8,Demo,12200.0,2023-03-06,2023-08-19,
478,1025,10,Closed Lost,141500.0,2024-01-02,2024-02-03,0.0
479,1026,7,Prospecting,1000.0,2024-10-22,2025-01-04,
480,1027,7,Qualified,105000.0,2024-01-05,2024-06-15,
481,1029,7,Prospecting,36400.0,2023-06-16,2023-12-12,
482,1030,7,Qualified,9100.0,2024-05-16,2024-08-31,
483,1033,8,Proposal,19200.0,2024-04-30,2024-07-06,
484,1033,8,Negotiation,17400.0,2024-03-23,2024-05-05,
485,1033,8,Prospecting,31100.0,2024-01-04,2024-05-04,
486,1036,10,Closed Won,228700.0,2024-11-12,2025-03-07,1.0
487,1036,10,Proposal,158100.0,2024-07-10,2024-12-22,
488,1038,10,Closed Lost,113000.0,2024-08-15,2025-01-12,0.0
489,1039,10,Demo,45200.0,2023-01-23,2023-07-18,
490,1039,10,Proposal,34200.0,2024-04-02,2024-07-07,
491,1041,8,Qualified,17000.0,2023-07-15,2023-11-23,
492,1041,8,Closed Lost,27500.0,2024-03-12,2024-06-07,0.0
493,1043,8,Prospecting,1400.0,2023-09-10,2023-11-25,
494,1048,7,Qualified,157000.0,2023-04-24,2023-08-11,
495,1049,7,Qualified,26800.0,2024-10-17,2024-11-20,
496,1049,7,Qualified,28400.0,2024-08-30,2025-02-24,
497,1056,7,Proposal,39200.0,2023-07-23,2023-11-10,
498,1058,10,Prospecting,148500.0,2024-12-10,2025-01-21,
499,1058,10,Demo,165400.0,2024-03-23,2024-05-14,
500,1059,7,Qualified,323500.0,2024-06-05,2024-11-01,
501,1061,10,Prospecting,233600.0,2024-05-20,2024-07-03,
502,1061,10,Closed Lost,161100.0,2023-07-29,2023-11-29,0.0
503,1065,7,Qualified,10200.0,2023-02-24,2023-05-11,
504,1070,10,Closed Lost,255200.0,2024-05-13,2024-10-23,0.0
505,1071,10,Qualified,118900.0,2023-10-09,2023-12-12,
506,1072,10,Prospecting,109600.0,2023-01-24,2023-02-25,
507,1073,7,Proposal,20100.0,2024-09-05,2024-10-22,
508,1079,8,Closed Won,120300.0,2023-07-04,2023-11-23,1.0
509,1079,8,Demo,150900.0,2023-04-11,2023-09-10,
510,1081,13,Qualified,3500.0,2023-03-18,2023-05-31,
511,1081,13,Prospecting,5300.0,2023-10-15,2023-11-28,
512,1087,12,Prospecting,2400.0,2023-12-13,2024-03-12,
513,1092,12,Prospecting,7400.0,2023-08-29,2024-01-23,
514,1097,11,Proposal,65100.0,2024-05-19,2024-07-29,
515,1097,11,Closed Won,59100.0,2023-10-23,2023-12-05,1.0
516,1104,13,Proposal,5100.0,2024-05-05,2024-09-30,
517,1104,13,Demo,4200.0,2023-01-03,2023-06-03,
518,1106,11,Demo,25000.0,2024-03-18,2024-05-14,
519,1108,13,Qualified,6000.0,2024-05-11,2024-09-16,
520,1112,12,Qualified,44600.0,2023-04-28,2023-07-04,
521,1112,12,Prospecting,28500.0,2024-02-02,2024-03-19,
522,1114,13,Qualified,82800.0,2023-08-26,2023-12-21,
523,1114,13,Proposal,91900.0,2023-08-14,2023-11-24,
524,1114,13,Closed Lost,66900.0,2023-08-15,2023-10-21,0.0
525,1120,12,Prospecting,5400.0,2024-03-31,2024-06-02,
526,1121,11,Prospecting,203900.0,2023-11-12,2024-04-21,
527,1129,12,Qualified,4700.0,2024-12-31,2025-02-17,
528,1129,12,Qualified,4600.0,2023-04-14,2023-09-15,
529,1129,12,Demo,6700.0,2024-04-26,2024-07-22,
530,1132,11,Proposal,170900.0,2023-04-19,2023-08-08,
531,1134,12,Prospecting,132500.0,2024-11-07,2025-01-20,
532,1135,13,Demo,14500.0,2023-05-24,2023-08-18,
533,1137,13,Prospecting,58900.0,2023-03-25,2023-06-01,
534,1137,13,Proposal,76300.0,2024-05-23,2024-09-26,
535,1140,11,Negotiation,600.0,2024-07-28,2024-12-02,
536,1140,11,Proposal,400.0,2024-03-26,2024-06-13,
537,1142,12,Qualified,35000.0,2023-06-21,2023-10-04,
538,1142,12,Qualified,34200.0,2024-02-23,2024-03-28,
539,1142,12,Demo,28300.0,2024-01-19,2024-06-24,
540,1143,13,Negotiation,10900.0,2023-08-11,2023-09-15,
541,1145,12,Proposal,21300.0,2023-07-10,2023-12-16,
542,1145,12,Prospecting,38900.0,2024-05-10,2024-08-28,
543,1155,13,Prospecting,4200.0,2023-02-24,2023-05-18,
544,1157,12,Closed Lost,24300.0,2024-06-18,2024-11-10,0.0
545,1159,13,Prospecting,6900.0,2024-05-30,2024-08-07,
546,1160,12,Negotiation,16700.0,2023-06-23,2023-08-28,
547,1167,11,Qualified,28200.0,2023-07-20,2023-09-06,
548,1169,12,Qualified,25800.0,2024-09-09,2024-12-29,
549,1171,13,Demo,600.0,2024-03-21,2024-05-29,
550,1175,12,Prospecting,2300.0,2023-01-15,2023-04-01,
551,1175,12,Proposal,2800.0,2024-01-05,2024-04-29,
552,1176,12,Prospecting,4800.0,2024-12-19,2025-04-14,
553,1176,12,Prospecting,6600.0,2023-05-10,2023-07-06,
554,1180,11,Proposal,176800.0,2023-06-02,2023-08-28,
555,1182,12,Closed Lost,4600.0,2024-07-31,2024-09-23,0.0
556,1182,12,Qualified,5300.0,2023-05-12,2023-06-30,
557,1195,13,Prospecting,5300.0,2024-09-07,2025-03-05,
558,1197,13,Proposal,83300.0,2024-08-07,2024-11-23,
559,1199,12,Closed Lost,8500.0,2024-08-06,2025-01-28,0.0
560,1210,13,Proposal,800.0,2024-02-01,2024-05-20,
561,1210,13,Proposal,900.0,2024-07-31,2024-12-19,
562,1216,13,Negotiation,4400.0,2023-10-10,2024-02-28,
563,1217,13,Prospecting,89900.0,2024-03-30,2024-05-15,
564,1219,13,Qualified,20400.0,2024-04-28,2024-06-25,
565,1225,12,Prospecting,123400.0,2024-07-04,2024-11-25,
566,1235,12,Prospecting,8200.0,2023-07-27,2023-08-31,
567,1235,12,Qualified,7400.0,2024-04-07,2024-08-23,
568,1241,13,Proposal,5900.0,2024-10-07,2024-12-26,
569,1242,12,Prospecting,299400.0,2023-02-06,2023-04-01,
570,1243,11,Closed Won,9300.0,2024-07-30,2024-10-30,1.0
571,1245,11,Closed Lost,6500.0,2024-09-17,2024-11-27,0.0
572,1251,11,Prospecting,6400.0,2024-12-09,2025-04-28,
573,1252,12,Prospecting,5100.0,2024-04-25,2024-07-22,
574,1260,12,Closed Lost,53300.0,2024-12-03,2025-04-16,0.0
575,1260,12,Demo,110200.0,2024-12-23,2025-04-18,
576,1269,13,Qualified,5000.0,2023-04-04,2023-07-06,
577,1271,12,Proposal,2500.0,2023-12-30,2024-03-08,
578,1272,11,Prospecting,164500.0,2024-12-23,2025-03-02,
579,1277,13,Demo,4100.0,2024-03-06,2024-04-21,
580,1286,13,Qualified,16100.0,2024-09-30,2025-03-05,
581,1286,13,Proposal,17000.0,2024-05-26,2024-10-11,
582,1288,12,Demo,15800.0,2024-07-17,2024-12-31,
583,1292,13,Qualified,31500.0,2024-11-22,2025-01-23,
584,1293,12,Proposal,21200.0,2024-01-28,2024-07-04,
585,1298,11,Proposal,1800.0,2024-03-21,2024-07-18,
586,1298,11,Closed Lost,3300.0,2023-01-22,2023-02-25,0.0
587,1299,11,Proposal,344500.0,2024-11-08,2025-03-12,
588,1304,11,Qualified,2200.0,2023-08-03,2023-10-07,
589,1304,11,Demo,3900.0,2023-03-26,2023-09-01,
590,1305,11,Proposal,1100.0,2024-05-04,2024-08-11,
591,1481,15,Closed Won,2600.0,2024-11-14,2025-02-28,1.0
592,1483,16,Proposal,6100.0,2024-05-11,2024-07-16,
593,1486,15,Demo,4900.0,2024-03-31,2024-08-09,
594,1494,16,Demo,6100.0,2024-07-29,2024-11-01,
595,1494,16,Qualified,4200.0,2024-12-04,2025-05-29,
596,1497,14,Negotiation,20400.0,2023-06-15,2023-11-21,
597,1500,14,Prospecting,6900.0,2023-05-04,2023-08-29,
598,1510,14,Qualified,15800.0,2024-01-13,2024-02-19,
599,1513,14,Closed Won,1500.0,2023-03-19,2023-07-27,1.0
600,1514,15,Prospecting,3400.0,2024-03-27,2024-05-04,
601,1514,15,Prospecting,4500.0,2023-05-03,2023-09-27,
602,1517,15,Demo,15200.0,2024-12-13,2025-03-22,
603,1522,14,Demo,11500.0,2024-01-07,2024-07-01,
604,1522,14,Qualified,7200.0,2023-12-24,2024-02-02,
605,1529,15,Demo,32000.0,2023-12-24,2024-02-19,
606,1529,15,Prospecting,47100.0,2023-03-18,2023-06-16,
607,1530,15,Prospecting,3300.0,2023-06-29,2023-08-01,
608,1535,14,Demo,8900.0,2024-12-24,2025-04-24,
609,1537,14,Qualified,22800.0,2024-06-13,2024-12-02,
610,1543,14,Demo,28400.0,2024-10-26,2024-12-08,
611,1545,16,Prospecting,4100.0,2023-02-24,2023-07-24,
612,1547,16,Qualified,3200.0,2023-02-06,2023-04-29,
613,1549,15,Qualified,5100.0,2024-12-27,2025-04-11,
614,1550,16,Qualified,5300.0,2024-02-02,2024-03-14,
615,1551,14,Negotiation,4900.0,2024-04-21,2024-08-31,
616,1552,16,Negotiation,17200.0,2023-10-22,2023-12-27,
617,1554,14,Closed Won,4100.0,2024-02-07,2024-06-27,1.0
618,1558,16,Demo,800.0,2023-12-03,2024-02-02,
619,1558,16,Closed Lost,1100.0,2023-10-22,2024-01-15,0.0
620,1559,15,Demo,21000.0,2023-12-17,2024-03-22,
621,1559,15,Qualified,17400.0,2023-07-16,2023-11-22,
622,1562,15,Qualified,14200.0,2024-09-07,2025-01-26,
623,1564,16,Demo,3500.0,2023-06-25,2023-07-26,
624,1565,16,Prospecting,3000.0,2024-08-30,2024-12-27,
625,1568,16,Prospecting,2800.0,2024-03-18,2024-07-26,
626,1568,16,Closed Lost,2400.0,2023-09-10,2023-11-02,0.0
627,1576,14,Demo,6300.0,2023-10-09,2024-03-24,
628,1576,14,Demo,6200.0,2024-08-19,2024-12-15,
629,1577,14,Demo,3300.0,2023-07-01,2023-09-15,
630,1581,16,Prospecting,133000.0,2023-09-15,2024-01-03,
631,1581,16,Qualified,175900.0,2023-09-10,2024-02-15,
632,1582,16,Closed Lost,1000.0,2024-04-20,2024-08-14,0.0
633,1585,16,Qualified,5100.0,2024-05-03,2024-08-07,
634,1590,14,Closed Won,33000.0,2024-08-31,2025-01-20,1.0
635,1592,16,Prospecting,5000.0,2024-05-16,2024-10-11,
636,1592,16,Qualified,3700.0,2024-02-13,2024-08-07,
637,1596,16,Demo,2400.0,2023-11-06,2024-04-14,
638,1597,16,Closed Won,4900.0,2023-03-04,2023-04-24,1.0
639,1598,14,Closed Lost,3900.0,2024-11-09,2025-04-21,0.0
640,1598,14,Closed Lost,2800.0,2023-04-29,2023-09-15,0.0
641,1608,14,Demo,2600.0,2023-12-30,2024-06-16,
642,1610,15,Qualified,2300.0,2023-03-13,2023-04-28,
643,1612,15,Closed Lost,8200.0,2024-12-23,2025-03-17,0.0
644,1612,15,Negotiation,8500.0,2024-10-12,2025-03-14,
645,1613,16,Qualified,3200.0,2023-08-10,2023-10-06,
646,1614,14,Demo,24900.0,2024-12-01,2025-04-07,
647,1615,15,Demo,3500.0,2023-02-16,2023-04-28,
648,1621,14,Demo,4900.0,2023-11-12,2024-01-15,
649,1621,14,Demo,4300.0,2023-12-24,2024-04-28,
650,1624,16,Demo,1100.0,2023-03-22,2023-09-15,
651,1626,16,Qualified,3200.0,2023-06-02,2023-11-20,
652,1627,15,Prospecting,36800.0,2023-02-09,2023-06-06,
653,1627,15,Demo,35700.0,2023-12-17,2024-06-02,
654,1627,15,Closed Lost,22500.0,2023-09-24,2024-01-06,0.0
655,1628,16,Proposal,3900.0,2024-12-24,2025-06-03,
656,1639,14,Negotiation,3500.0,2023-11-20,2024-03-23,
657,1641,14,Proposal,4600.0,2023-09-10,2024-01-07,
658,1641,14,Proposal,8800.0,2023-08-23,2024-02-01,
659,1642,14,Proposal,3600.0,2024-12-03,2025-04-24,
660,1648,15,Demo,1100.0,2024-11-07,2025-04-21,
661,1654,14,Proposal,2000.0,2023-10-21,2024-02-12,
662,1658,15,Negotiation,7000.0,2024-02-13,2024-04-08,
663,1661,15,Demo,1200.0,2024-04-19,2024-06-28,
664,1663,16,Prospecting,3100.0,2023-02-01,2023-03-10,
665,1663,16,Negotiation,2000.0,2024-03-06,2024-07-25,
666,1664,14,Negotiation,3600.0,2023-07-08,2023-12-10,
667,1666,15,Proposal,3100.0,2024-11-23,2024-12-28,
668,1673,14,Demo,15400.0,2023-02-25,2023-07-24,
669,1674,16,Demo,1200.0,2024-04-30,2024-09-15,
670,1674,16,Prospecting,2000.0,2023-06-02,2023-10-05,
671,1675,16,Proposal,18300.0,2023-12-04,2024-01-08,
672,1681,14,Proposal,2100.0,2024-02-22,2024-03-28,
673,1681,14,Prospecting,3300.0,2023-02-13,2023-08-09,
674,1682,16,Prospecting,6200.0,2024-07-30,2025-01-12,
675,1682,16,Qualified,6600.0,2023-10-08,2024-03-07,
676,1682,16,Qualified,4500.0,2024-06-05,2024-09-23,
677,1684,15,Qualified,2600.0,2023-07-06,2023-12-18,
678,1686,15,Prospecting,1100.0,2023-07-28,2023-09-27,
679,1688,15,Qualified,3700.0,2023-07-23,2023-10-13,
680,1688,15,Demo,2500.0,2023-07-30,2024-01-11,
681,1689,14,Prospecting,4600.0,2024-06-19,2024-08-08,
682,1689,14,Demo,4000.0,2023-12-24,2024-05-04,
683,1689,14,Negotiation,3300.0,2023-06-21,2023-09-20,
684,1692,14,Closed Lost,5200.0,2024-01-13,2024-05-04,0.0
685,1697,14,Qualified,2300.0,2023-10-04,2024-01-16,
686,1701,15,Qualified,4700.0,2023-03-20,2023-06-05,
687,1703,14,Qualified,3400.0,2024-05-16,2024-08-17,
688,1704,14,Closed Lost,25600.0,2024-08-09,2025-01-16,0.0
689,1705,16,Demo,3000.0,2024-12-08,2025-02-16,
690,1707,14,Qualified,3400.0,2024-11-14,2025-02-15,
691,1708,16,Negotiation,4500.0,2024-07-03,2024-08-19,
692,1709,14,Closed Lost,1500.0,2024-04-06,2024-09-01,0.0
693,1709,14,Qualified,2300.0,2023-01-29,2023-04-21,
694,1712,15,Closed Lost,5000.0,2024-10-01,2024-11-10,0.0
695,1712,15,Prospecting,3800.0,2024-10-14,2024-11-22,
696,1713,14,Prospecting,1000.0,2024-05-06,2024-07-29,
697,1716,15,Closed Won,4700.0,2023-05-06,2023-10-13,1.0
698,1717,16,Demo,7000.0,2023-10-25,2023-12-23,
699,1725,15,Proposal,6900.0,2024-10-12,2025-01-16,
700,1733,16,Closed Lost,19900.0,2023-03-25,2023-07-04,0.0
701,1738,16,Negotiation,5800.0,2023-12-08,2024-03-07,
702,1738,16,Proposal,4500.0,2023-11-02,2024-04-17,
703,1740,16,Prospecting,19600.0,2024-06-05,2024-08-24,
704,1753,16,Demo,326400.0,2023-04-27,2023-07-19,
705,1756,15,Closed Lost,17900.0,2024-03-06,2024-07-05,0.0
706,1757,14,Qualified,7500.0,2023-03-27,2023-08-25,
707,1758,15,Demo,96400.0,2024-11-08,2024-12-11,
708,1758,15,Prospecting,184500.0,2024-06-28,2024-10-25,
709,1761,16,Qualified,200100.0,2023-06-24,2023-08-27,
710,1764,14,Closed Won,7600.0,2023-12-25,2024-03-23,1.0
711,1764,14,Qualified,4800.0,2023-07-11,2023-11-09,
712,1765,16,Prospecting,7300.0,2024-03-18,2024-04-22,
713,1768,14,Qualified,7900.0,2024-10-18,2024-12-27,
714,1771,15,Prospecting,2600.0,2024-07-07,2024-08-25,
715,1774,16,Prospecting,2600.0,2024-07-22,2024-09-26,
716,1776,15,Demo,19200.0,2023-11-05,2024-04-25,
717,1776,15,Closed Won,16900.0,2024-12-26,2025-03-31,1.0
718,1778,15,Closed Lost,8600.0,2024-12-12,2025-01-31,0.0
719,1785,14,Prospecting,2000.0,2023-11-06,2024-01-29,
720,1788,16,Qualified,4800.0,2023-06-03,2023-11-14,
721,1789,16,Demo,3800.0,2023-08-08,2023-10-15,
722,1791,15,Prospecting,17100.0,2023-04-03,2023-05-11,
723,1791,15,Qualified,25100.0,2024-05-09,2024-08-07,
724,1791,15,Prospecting,17600.0,2023-03-07,2023-05-10,
725,1792,15,Prospecting,3000.0,2024-05-23,2024-06-29,
726,1794,16,Prospecting,1100.0,2024-07-08,2024-10-08,
727,1796,15,Demo,4100.0,2023-12-20,2024-03-14,
728,1796,15,Proposal,4500.0,2024-04-18,2024-05-26,
729,1797,16,Demo,31100.0,2024-02-06,2024-06-12,
730,1799,16,Prospecting,1500.0,2023-05-01,2023-07-06,
731,1801,18,Proposal,6700.0,2023-06-01,2023-09-10,
732,1801,18,Prospecting,3900.0,2023-06-06,2023-11-09,
733,1801,18,Demo,3100.0,2024-10-26,2024-12-12,
734,1802,17,Closed Lost,86100.0,2024-02-29,2024-04-12,0.0
735,1803,18,Prospecting,1200.0,2024-12-09,2025-02-10,
736,1805,18,Closed Lost,120100.0,2024-10-29,2025-01-21,0.0
737,1807,18,Demo,9600.0,2023-02-17,2023-03-23,
738,1807,18,Negotiation,11200.0,2023-10-16,2024-03-08,
739,1807,18,Qualified,6800.0,2023-09-17,2023-12-02,
740,1809,18,Prospecting,88900.0,2023-11-24,2024-03-13,
741,1812,18,Proposal,130100.0,2023-03-07,2023-06-21,
742,1814,18,Demo,8600.0,2023-01-21,2023-05-22,
743,1814,18,Prospecting,6500.0,2024-11-08,2025-03-15,
744,1814,18,Proposal,8400.0,2023-10-20,2024-04-14,
745,1821,18,Closed Lost,52600.0,2023-12-16,2024-04-27,0.0
746,1827,17,Proposal,79400.0,2024-08-04,2025-01-12,
747,1833,18,Demo,165700.0,2023-09-10,2023-10-16,
748,1837,18,Prospecting,25300.0,2023-11-07,2024-05-01,
749,1841,18,Prospecting,223700.0,2023-11-03,2023-12-14,
750,1852,17,Negotiation,31300.0,2023-07-07,2023-09-07,
751,1852,17,Qualified,20100.0,2023-03-10,2023-06-06,
752,1852,17,Qualified,34700.0,2024-09-22,2025-02-10,
753,1853,18,Demo,51100.0,2024-09-15,2024-12-11,
754,1854,17,Proposal,1800.0,2023-10-01,2023-12-07,
755,1856,17,Proposal,38600.0,2024-01-02,2024-06-05,
756,1859,17,Proposal,149200.0,2023-06-16,2023-09-07,
757,1861,18,Prospecting,37100.0,2023-03-15,2023-07-19,
758,1864,18,Demo,10100.0,2023-12-20,2024-02-16,
759,1869,17,Negotiation,27200.0,2023-09-02,2024-01-13,
760,1872,17,Negotiation,164000.0,2024-11-30,2025-02-06,
761,1872,17,Prospecting,228700.0,2023-03-04,2023-08-07,
762,1888,17,Qualified,91300.0,2023-05-24,2023-09-17,
763,1896,17,Prospecting,36300.0,2023-06-20,2023-08-01,
764,1899,17,Prospecting,173100.0,2024-11-23,2025-04-13,
765,1904,17,Qualified,12800.0,2023-12-09,2024-01-29,
766,1909,17,Prospecting,189500.0,2024-09-18,2025-02-23,
767,1912,17,Negotiation,305200.0,2024-05-18,2024-08-22,
768,1913,17,Qualified,115000.0,2024-03-10,2024-06-09,
